Mutation type,Trinucleotide,diff_Mammalia__Ts...Tv
C>A,ACA,0
C>A,ACC,1
C>A,ACG,0
C>A,ACT,0
C>A,CCA,3
C>A,CCC,3
C>A,CCG,1
C>A,CCT,2
C>A,GCA,2
C>A,GCC,2
C>A,GCG,0
C>A,GCT,1
C>A,TCA,3
C>A,TCC,3
C>A,TCG,0
C>A,TCT,4
C>G,ACA,1
C>G,ACC,1
C>G,ACG,0
C>G,ACT,0
C>G,CCA,1
C>G,CCC,1
C>G,CCG,0
C>G,CCT,1
C>G,GCA,2
C>G,GCC,1
C>G,GCG,0
C>G,GCT,1
C>G,TCA,2
C>G,TCC,1
C>G,TCG,0
C>G,TCT,2
C>T,ACA,50
C>T,ACC,41
C>T,ACG,3
C>T,ACT,23
C>T,CCA,57
C>T,CCC,57
C>T,CCG,5
C>T,CCT,0
C>T,GCA,62
C>T,GCC,6
C>T,GCG,2
C>T,GCT,52
C>T,TCA,41
C>T,TCC,18
C>T,TCG,0
C>T,TCT,19
T>A,ATA,1
T>A,ATC,0
T>A,ATG,0
T>A,ATT,0
T>A,CTA,2
T>A,CTC,4
T>A,CTG,4
T>A,CTT,2
T>A,GTA,2
T>A,GTC,1
T>A,GTG,4
T>A,GTT,1
T>A,TTA,6
T>A,TTC,6
T>A,TTG,3
T>A,TTT,3
T>C,ATA,44
T>C,ATC,43
T>C,ATG,39
T>C,ATT,42
T>C,CTA,31
T>C,CTC,38
T>C,CTG,31
T>C,CTT,41
T>C,GTA,15
T>C,GTC,25
T>C,GTG,13
T>C,GTT,21
T>C,TTA,30
T>C,TTC,38
T>C,TTG,27
T>C,TTT,48
T>G,ATA,1
T>G,ATC,1
T>G,ATG,1
T>G,ATT,0
T>G,CTA,1
T>G,CTC,1
T>G,CTG,2
T>G,CTT,0
T>G,GTA,1
T>G,GTC,1
T>G,GTG,2
T>G,GTT,1
T>G,TTA,1
T>G,TTC,1
T>G,TTG,1
T>G,TTT,0
