Substitution,"Mammalia__Ts only"
A[C>A]A,0
A[C>A]C,0
A[C>A]G,0
A[C>A]T,0
C[C>A]A,0
C[C>A]C,0
C[C>A]G,0
C[C>A]T,0
G[C>A]A,0
G[C>A]C,0
G[C>A]G,0
G[C>A]T,0
T[C>A]A,0
T[C>A]C,0
T[C>A]G,0
T[C>A]T,0
A[C>G]A,0
A[C>G]C,0
A[C>G]G,0
A[C>G]T,0
C[C>G]A,0
C[C>G]C,0
C[C>G]G,0
C[C>G]T,0
G[C>G]A,0
G[C>G]C,0
G[C>G]G,0
G[C>G]T,0
T[C>G]A,0
T[C>G]C,0
T[C>G]G,0
T[C>G]T,0
A[C>T]A,30
A[C>T]C,18
A[C>T]G,3
A[C>T]T,17
C[C>T]A,25
C[C>T]C,14
C[C>T]G,3
C[C>T]T,12
G[C>T]A,17
G[C>T]C,11
G[C>T]G,3
G[C>T]T,11
T[C>T]A,30
T[C>T]C,18
T[C>T]G,3
T[C>T]T,18
A[T>A]A,0
A[T>A]C,0
A[T>A]G,0
A[T>A]T,0
C[T>A]A,0
C[T>A]C,0
C[T>A]G,0
C[T>A]T,0
G[T>A]A,0
G[T>A]C,0
G[T>A]G,0
G[T>A]T,0
T[T>A]A,0
T[T>A]C,0
T[T>A]G,0
T[T>A]T,0
A[T>C]A,10
A[T>C]C,19
A[T>C]G,7
A[T>C]T,24
C[T>C]A,6
C[T>C]C,17
C[T>C]G,7
C[T>C]T,11
G[T>C]A,8
G[T>C]C,12
G[T>C]G,8
G[T>C]T,11
T[T>C]A,10
T[T>C]C,12
T[T>C]G,6
T[T>C]T,12
A[T>G]A,0
A[T>G]C,0
A[T>G]G,0
A[T>G]T,0
C[T>G]A,0
C[T>G]C,0
C[T>G]G,0
C[T>G]T,0
G[T>G]A,0
G[T>G]C,0
G[T>G]G,0
G[T>G]T,0
T[T>G]A,0
T[T>G]C,0
T[T>G]G,0
T[T>G]T,0
