Mutation type,Trinucleotide,low_Aves__Ts...Tv
C>A,ACA,0
C>A,ACC,0
C>A,ACG,0
C>A,ACT,0
C>A,CCA,4
C>A,CCC,2
C>A,CCG,1
C>A,CCT,3
C>A,GCA,5
C>A,GCC,2
C>A,GCG,0
C>A,GCT,4
C>A,TCA,3
C>A,TCC,3
C>A,TCG,1
C>A,TCT,5
C>G,ACA,3
C>G,ACC,0
C>G,ACG,0
C>G,ACT,0
C>G,CCA,1
C>G,CCC,1
C>G,CCG,0
C>G,CCT,1
C>G,GCA,5
C>G,GCC,1
C>G,GCG,0
C>G,GCT,0
C>G,TCA,1
C>G,TCC,0
C>G,TCG,0
C>G,TCT,2
C>T,ACA,12
C>T,ACC,9
C>T,ACG,4
C>T,ACT,8
C>T,CCA,20
C>T,CCC,7
C>T,CCG,3
C>T,CCT,10
C>T,GCA,11
C>T,GCC,7
C>T,GCG,2
C>T,GCT,6
C>T,TCA,10
C>T,TCC,10
C>T,TCG,2
C>T,TCT,12
T>A,ATA,0
T>A,ATC,0
T>A,ATG,0
T>A,ATT,0
T>A,CTA,3
T>A,CTC,3
T>A,CTG,5
T>A,CTT,5
T>A,GTA,1
T>A,GTC,1
T>A,GTG,2
T>A,GTT,0
T>A,TTA,2
T>A,TTC,4
T>A,TTG,4
T>A,TTT,0
T>C,ATA,5
T>C,ATC,4
T>C,ATG,6
T>C,ATT,17
T>C,CTA,4
T>C,CTC,8
T>C,CTG,4
T>C,CTT,0
T>C,GTA,6
T>C,GTC,10
T>C,GTG,5
T>C,GTT,8
T>C,TTA,5
T>C,TTC,3
T>C,TTG,3
T>C,TTT,7
T>G,ATA,1
T>G,ATC,2
T>G,ATG,2
T>G,ATT,0
T>G,CTA,2
T>G,CTC,0
T>G,CTG,1
T>G,CTT,1
T>G,GTA,1
T>G,GTC,1
T>G,GTG,1
T>G,GTT,0
T>G,TTA,2
T>G,TTC,1
T>G,TTG,1
T>G,TTT,0
