Mutation type,Trinucleotide,low_Amphibia__Ts...Tv
C>A,ACA,0
C>A,ACC,0
C>A,ACG,0
C>A,ACT,0
C>A,CCA,3
C>A,CCC,6
C>A,CCG,1
C>A,CCT,3
C>A,GCA,1
C>A,GCC,1
C>A,GCG,1
C>A,GCT,2
C>A,TCA,9
C>A,TCC,4
C>A,TCG,1
C>A,TCT,6
C>G,ACA,4
C>G,ACC,1
C>G,ACG,0
C>G,ACT,0
C>G,CCA,4
C>G,CCC,1
C>G,CCG,0
C>G,CCT,0
C>G,GCA,1
C>G,GCC,1
C>G,GCG,1
C>G,GCT,0
C>G,TCA,0
C>G,TCC,0
C>G,TCG,0
C>G,TCT,0
C>T,ACA,39
C>T,ACC,14
C>T,ACG,4
C>T,ACT,19
C>T,CCA,33
C>T,CCC,11
C>T,CCG,2
C>T,CCT,13
C>T,GCA,14
C>T,GCC,12
C>T,GCG,4
C>T,GCT,12
C>T,TCA,44
C>T,TCC,23
C>T,TCG,4
C>T,TCT,23
T>A,ATA,1
T>A,ATC,0
T>A,ATG,2
T>A,ATT,0
T>A,CTA,1
T>A,CTC,1
T>A,CTG,1
T>A,CTT,1
T>A,GTA,4
T>A,GTC,1
T>A,GTG,4
T>A,GTT,0
T>A,TTA,5
T>A,TTC,2
T>A,TTG,3
T>A,TTT,1
T>C,ATA,14
T>C,ATC,22
T>C,ATG,11
T>C,ATT,33
T>C,CTA,13
T>C,CTC,32
T>C,CTG,11
T>C,CTT,7
T>C,GTA,8
T>C,GTC,13
T>C,GTG,10
T>C,GTT,9
T>C,TTA,16
T>C,TTC,10
T>C,TTG,12
T>C,TTT,15
T>G,ATA,1
T>G,ATC,1
T>G,ATG,1
T>G,ATT,0
T>G,CTA,1
T>G,CTC,1
T>G,CTG,3
T>G,CTT,1
T>G,GTA,1
T>G,GTC,0
T>G,GTG,5
T>G,GTT,0
T>G,TTA,0
T>G,TTC,0
T>G,TTG,3
T>G,TTT,0
