Substitution,"Lepidosauria__Ts & Tv"
A[C>A]A,0
A[C>A]C,2
A[C>A]G,0
A[C>A]T,0
C[C>A]A,8
C[C>A]C,2
C[C>A]G,1
C[C>A]T,3
G[C>A]A,3
G[C>A]C,2
G[C>A]G,1
G[C>A]T,3
T[C>A]A,3
T[C>A]C,3
T[C>A]G,1
T[C>A]T,7
A[C>G]A,1
A[C>G]C,1
A[C>G]G,1
A[C>G]T,0
C[C>G]A,2
C[C>G]C,2
C[C>G]G,0
C[C>G]T,0
G[C>G]A,2
G[C>G]C,1
G[C>G]G,0
G[C>G]T,1
T[C>G]A,2
T[C>G]C,0
T[C>G]G,0
T[C>G]T,0
A[C>T]A,79
A[C>T]C,75
A[C>T]G,9
A[C>T]T,84
C[C>T]A,76
C[C>T]C,77
C[C>T]G,10
C[C>T]T,55
G[C>T]A,57
G[C>T]C,31
G[C>T]G,7
G[C>T]T,44
T[C>T]A,53
T[C>T]C,29
T[C>T]G,7
T[C>T]T,43
A[T>A]A,1
A[T>A]C,0
A[T>A]G,1
A[T>A]T,0
C[T>A]A,1
C[T>A]C,1
C[T>A]G,2
C[T>A]T,1
G[T>A]A,1
G[T>A]C,2
G[T>A]G,2
G[T>A]T,1
T[T>A]A,4
T[T>A]C,1
T[T>A]G,2
T[T>A]T,2
A[T>C]A,30
A[T>C]C,40
A[T>C]G,21
A[T>C]T,37
C[T>C]A,19
C[T>C]C,37
C[T>C]G,25
C[T>C]T,26
G[T>C]A,20
G[T>C]C,21
G[T>C]G,42
G[T>C]T,31
T[T>C]A,21
T[T>C]C,27
T[T>C]G,16
T[T>C]T,30
A[T>G]A,1
A[T>G]C,1
A[T>G]G,2
A[T>G]T,0
C[T>G]A,1
C[T>G]C,1
C[T>G]G,3
C[T>G]T,0
G[T>G]A,1
G[T>G]C,1
G[T>G]G,4
G[T>G]T,1
T[T>G]A,1
T[T>G]C,1
T[T>G]G,2
T[T>G]T,0
