Mutation type,Trinucleotide,high_Actinopterygii__Ts...Tv
C>A,ACA,1
C>A,ACC,1
C>A,ACG,0
C>A,ACT,0
C>A,CCA,5
C>A,CCC,4
C>A,CCG,0
C>A,CCT,2
C>A,GCA,3
C>A,GCC,2
C>A,GCG,0
C>A,GCT,3
C>A,TCA,4
C>A,TCC,4
C>A,TCG,1
C>A,TCT,5
C>G,ACA,3
C>G,ACC,3
C>G,ACG,1
C>G,ACT,0
C>G,CCA,3
C>G,CCC,2
C>G,CCG,0
C>G,CCT,1
C>G,GCA,4
C>G,GCC,4
C>G,GCG,1
C>G,GCT,1
C>G,TCA,3
C>G,TCC,1
C>G,TCG,0
C>G,TCT,1
C>T,ACA,85
C>T,ACC,57
C>T,ACG,9
C>T,ACT,33
C>T,CCA,75
C>T,CCC,76
C>T,CCG,11
C>T,CCT,15
C>T,GCA,74
C>T,GCC,33
C>T,GCG,7
C>T,GCT,43
C>T,TCA,87
C>T,TCC,23
C>T,TCG,5
C>T,TCT,66
T>A,ATA,1
T>A,ATC,1
T>A,ATG,1
T>A,ATT,0
T>A,CTA,3
T>A,CTC,4
T>A,CTG,4
T>A,CTT,3
T>A,GTA,3
T>A,GTC,1
T>A,GTG,3
T>A,GTT,2
T>A,TTA,9
T>A,TTC,5
T>A,TTG,4
T>A,TTT,3
T>C,ATA,41
T>C,ATC,32
T>C,ATG,29
T>C,ATT,46
T>C,CTA,25
T>C,CTC,36
T>C,CTG,30
T>C,CTT,31
T>C,GTA,16
T>C,GTC,17
T>C,GTG,16
T>C,GTT,27
T>C,TTA,27
T>C,TTC,33
T>C,TTG,20
T>C,TTT,41
T>G,ATA,1
T>G,ATC,1
T>G,ATG,2
T>G,ATT,0
T>G,CTA,1
T>G,CTC,2
T>G,CTG,2
T>G,CTT,0
T>G,GTA,1
T>G,GTC,2
T>G,GTG,5
T>G,GTT,1
T>G,TTA,1
T>G,TTC,1
T>G,TTG,2
T>G,TTT,2
