Mutation type,Trinucleotide,low_Actinopterygii__Ts.only
C>A,ACA,0
C>A,ACC,0
C>A,ACG,0
C>A,ACT,0
C>A,CCA,0
C>A,CCC,0
C>A,CCG,0
C>A,CCT,0
C>A,GCA,0
C>A,GCC,0
C>A,GCG,0
C>A,GCT,0
C>A,TCA,0
C>A,TCC,0
C>A,TCG,0
C>A,TCT,0
C>G,ACA,0
C>G,ACC,0
C>G,ACG,0
C>G,ACT,0
C>G,CCA,0
C>G,CCC,0
C>G,CCG,0
C>G,CCT,0
C>G,GCA,0
C>G,GCC,0
C>G,GCG,0
C>G,GCT,0
C>G,TCA,0
C>G,TCC,0
C>G,TCG,0
C>G,TCT,0
C>T,ACA,25
C>T,ACC,9
C>T,ACG,2
C>T,ACT,12
C>T,CCA,21
C>T,CCC,7
C>T,CCG,2
C>T,CCT,9
C>T,GCA,19
C>T,GCC,7
C>T,GCG,3
C>T,GCT,14
C>T,TCA,32
C>T,TCC,14
C>T,TCG,3
C>T,TCT,18
T>A,ATA,0
T>A,ATC,0
T>A,ATG,0
T>A,ATT,0
T>A,CTA,0
T>A,CTC,0
T>A,CTG,0
T>A,CTT,0
T>A,GTA,0
T>A,GTC,0
T>A,GTG,0
T>A,GTT,0
T>A,TTA,0
T>A,TTC,0
T>A,TTG,0
T>A,TTT,0
T>C,ATA,13
T>C,ATC,14
T>C,ATG,8
T>C,ATT,17
T>C,CTA,9
T>C,CTC,15
T>C,CTG,10
T>C,CTT,8
T>C,GTA,8
T>C,GTC,9
T>C,GTG,10
T>C,GTT,14
T>C,TTA,9
T>C,TTC,8
T>C,TTG,8
T>C,TTT,12
T>G,ATA,0
T>G,ATC,0
T>G,ATG,0
T>G,ATT,0
T>G,CTA,0
T>G,CTC,0
T>G,CTG,0
T>G,CTT,0
T>G,GTA,0
T>G,GTC,0
T>G,GTG,0
T>G,GTT,0
T>G,TTA,0
T>G,TTC,0
T>G,TTG,0
T>G,TTT,0
