Mutation type,Trinucleotide,high_Amphibia__Ts...Tv
C>A,ACA,0
C>A,ACC,0
C>A,ACG,0
C>A,ACT,0
C>A,CCA,3
C>A,CCC,6
C>A,CCG,1
C>A,CCT,3
C>A,GCA,1
C>A,GCC,1
C>A,GCG,1
C>A,GCT,2
C>A,TCA,9
C>A,TCC,4
C>A,TCG,1
C>A,TCT,6
C>G,ACA,4
C>G,ACC,1
C>G,ACG,0
C>G,ACT,0
C>G,CCA,4
C>G,CCC,1
C>G,CCG,0
C>G,CCT,0
C>G,GCA,1
C>G,GCC,1
C>G,GCG,1
C>G,GCT,0
C>G,TCA,0
C>G,TCC,0
C>G,TCG,0
C>G,TCT,0
C>T,ACA,94
C>T,ACC,35
C>T,ACG,10
C>T,ACT,74
C>T,CCA,44
C>T,CCC,56
C>T,CCG,11
C>T,CCT,17
C>T,GCA,46
C>T,GCC,55
C>T,GCG,7
C>T,GCT,36
C>T,TCA,77
C>T,TCC,71
C>T,TCG,6
C>T,TCT,65
T>A,ATA,1
T>A,ATC,0
T>A,ATG,2
T>A,ATT,0
T>A,CTA,1
T>A,CTC,1
T>A,CTG,1
T>A,CTT,1
T>A,GTA,4
T>A,GTC,1
T>A,GTG,4
T>A,GTT,0
T>A,TTA,5
T>A,TTC,2
T>A,TTG,3
T>A,TTT,1
T>C,ATA,28
T>C,ATC,25
T>C,ATG,14
T>C,ATT,38
T>C,CTA,19
T>C,CTC,31
T>C,CTG,15
T>C,CTT,17
T>C,GTA,18
T>C,GTC,14
T>C,GTG,29
T>C,GTT,26
T>C,TTA,26
T>C,TTC,23
T>C,TTG,17
T>C,TTT,26
T>G,ATA,1
T>G,ATC,1
T>G,ATG,1
T>G,ATT,0
T>G,CTA,1
T>G,CTC,1
T>G,CTG,3
T>G,CTT,1
T>G,GTA,1
T>G,GTC,0
T>G,GTG,5
T>G,GTT,0
T>G,TTA,0
T>G,TTC,0
T>G,TTG,3
T>G,TTT,0
