Mutation type,Trinucleotide,high_Lepidosauria__Ts...Tv
C>A,ACA,0
C>A,ACC,1
C>A,ACG,0
C>A,ACT,0
C>A,CCA,2
C>A,CCC,2
C>A,CCG,0
C>A,CCT,2
C>A,GCA,9
C>A,GCC,2
C>A,GCG,1
C>A,GCT,2
C>A,TCA,4
C>A,TCC,4
C>A,TCG,1
C>A,TCT,6
C>G,ACA,2
C>G,ACC,0
C>G,ACG,0
C>G,ACT,0
C>G,CCA,1
C>G,CCC,3
C>G,CCG,0
C>G,CCT,0
C>G,GCA,3
C>G,GCC,0
C>G,GCG,0
C>G,GCT,0
C>G,TCA,1
C>G,TCC,0
C>G,TCG,0
C>G,TCT,0
C>T,ACA,68
C>T,ACC,52
C>T,ACG,8
C>T,ACT,45
C>T,CCA,80
C>T,CCC,90
C>T,CCG,2
C>T,CCT,37
C>T,GCA,102
C>T,GCC,26
C>T,GCG,12
C>T,GCT,65
C>T,TCA,19
C>T,TCC,31
C>T,TCG,2
C>T,TCT,33
T>A,ATA,0
T>A,ATC,0
T>A,ATG,1
T>A,ATT,0
T>A,CTA,1
T>A,CTC,2
T>A,CTG,2
T>A,CTT,5
T>A,GTA,3
T>A,GTC,0
T>A,GTG,2
T>A,GTT,0
T>A,TTA,5
T>A,TTC,5
T>A,TTG,3
T>A,TTT,2
T>C,ATA,31
T>C,ATC,46
T>C,ATG,42
T>C,ATT,57
T>C,CTA,30
T>C,CTC,62
T>C,CTG,27
T>C,CTT,36
T>C,GTA,16
T>C,GTC,18
T>C,GTG,30
T>C,GTT,44
T>C,TTA,29
T>C,TTC,35
T>C,TTG,33
T>C,TTT,44
T>G,ATA,1
T>G,ATC,2
T>G,ATG,1
T>G,ATT,0
T>G,CTA,1
T>G,CTC,2
T>G,CTG,1
T>G,CTT,0
T>G,GTA,2
T>G,GTC,3
T>G,GTG,2
T>G,GTT,2
T>G,TTA,1
T>G,TTC,2
T>G,TTG,1
T>G,TTT,0
