Signature,"ΔOGG1","ΔEXO1","ΔMSH6","ΔPMS1","ΔPMS2","ΔRNF168","ΔUNG","ΔMLH1","ΔMSH2"
"ΔOGG1",1,NA,NA,NA,NA,NA,NA,NA,NA
"ΔEXO1",NA,1,NA,NA,NA,NA,NA,NA,NA
"ΔMSH6",NA,NA,1,NA,NA,NA,NA,NA,NA
"ΔPMS1",NA,NA,NA,1,-0.04511078,NA,-0.04212324,NA,0.2930225
"ΔPMS2",NA,NA,NA,-0.04511078,1,NA,-0.989979,NA,-0.1236013
"ΔRNF168",NA,NA,NA,NA,NA,1,NA,NA,NA
"ΔUNG",NA,NA,NA,-0.04212324,-0.989979,NA,1,NA,0.1061927
"ΔMLH1",NA,NA,NA,NA,NA,NA,NA,1,NA
"ΔMSH2",NA,NA,NA,0.2930225,-0.1236013,NA,0.1061927,NA,1
