Substitution,"Amphibia__Ts only"
A[C>A]A,0
A[C>A]C,0
A[C>A]G,0
A[C>A]T,0
C[C>A]A,0
C[C>A]C,0
C[C>A]G,0
C[C>A]T,0
G[C>A]A,0
G[C>A]C,0
G[C>A]G,0
G[C>A]T,0
T[C>A]A,0
T[C>A]C,0
T[C>A]G,0
T[C>A]T,0
A[C>G]A,0
A[C>G]C,0
A[C>G]G,0
A[C>G]T,0
C[C>G]A,0
C[C>G]C,0
C[C>G]G,0
C[C>G]T,0
G[C>G]A,0
G[C>G]C,0
G[C>G]G,0
G[C>G]T,0
T[C>G]A,0
T[C>G]C,0
T[C>G]G,0
T[C>G]T,0
A[C>T]A,94
A[C>T]C,35
A[C>T]G,10
A[C>T]T,74
C[C>T]A,44
C[C>T]C,56
C[C>T]G,11
C[C>T]T,17
G[C>T]A,46
G[C>T]C,55
G[C>T]G,7
G[C>T]T,36
T[C>T]A,77
T[C>T]C,71
T[C>T]G,6
T[C>T]T,65
A[T>A]A,0
A[T>A]C,0
A[T>A]G,0
A[T>A]T,0
C[T>A]A,0
C[T>A]C,0
C[T>A]G,0
C[T>A]T,0
G[T>A]A,0
G[T>A]C,0
G[T>A]G,0
G[T>A]T,0
T[T>A]A,0
T[T>A]C,0
T[T>A]G,0
T[T>A]T,0
A[T>C]A,28
A[T>C]C,25
A[T>C]G,14
A[T>C]T,38
C[T>C]A,19
C[T>C]C,31
C[T>C]G,15
C[T>C]T,17
G[T>C]A,18
G[T>C]C,14
G[T>C]G,29
G[T>C]T,26
T[T>C]A,26
T[T>C]C,23
T[T>C]G,17
T[T>C]T,26
A[T>G]A,0
A[T>G]C,0
A[T>G]G,0
A[T>G]T,0
C[T>G]A,0
C[T>G]C,0
C[T>G]G,0
C[T>G]T,0
G[T>G]A,0
G[T>G]C,0
G[T>G]G,0
G[T>G]T,0
T[T>G]A,0
T[T>G]C,0
T[T>G]G,0
T[T>G]T,0
