Substitution,"Aves__Ts & Tv"
A[C>A]A,0
A[C>A]C,0
A[C>A]G,0
A[C>A]T,0
C[C>A]A,2
C[C>A]C,1
C[C>A]G,0
C[C>A]T,2
G[C>A]A,1
G[C>A]C,0
G[C>A]G,1
G[C>A]T,1
T[C>A]A,2
T[C>A]C,3
T[C>A]G,0
T[C>A]T,5
A[C>G]A,1
A[C>G]C,3
A[C>G]G,0
A[C>G]T,0
C[C>G]A,1
C[C>G]C,2
C[C>G]G,0
C[C>G]T,0
G[C>G]A,4
G[C>G]C,1
G[C>G]G,0
G[C>G]T,0
T[C>G]A,2
T[C>G]C,1
T[C>G]G,1
T[C>G]T,0
A[C>T]A,80
A[C>T]C,34
A[C>T]G,7
A[C>T]T,42
C[C>T]A,44
C[C>T]C,75
C[C>T]G,10
C[C>T]T,13
G[C>T]A,45
G[C>T]C,41
G[C>T]G,6
G[C>T]T,60
T[C>T]A,67
T[C>T]C,41
T[C>T]G,5
T[C>T]T,43
A[T>A]A,0
A[T>A]C,0
A[T>A]G,0
A[T>A]T,0
C[T>A]A,2
C[T>A]C,2
C[T>A]G,0
C[T>A]T,0
G[T>A]A,1
G[T>A]C,3
G[T>A]G,1
G[T>A]T,0
T[T>A]A,2
T[T>A]C,1
T[T>A]G,1
T[T>A]T,0
A[T>C]A,58
A[T>C]C,52
A[T>C]G,41
A[T>C]T,79
C[T>C]A,31
C[T>C]C,56
C[T>C]G,57
C[T>C]T,54
G[T>C]A,12
G[T>C]C,36
G[T>C]G,50
G[T>C]T,29
T[T>C]A,43
T[T>C]C,55
T[T>C]G,47
T[T>C]T,58
A[T>G]A,1
A[T>G]C,1
A[T>G]G,2
A[T>G]T,0
C[T>G]A,0
C[T>G]C,1
C[T>G]G,1
C[T>G]T,0
G[T>G]A,1
G[T>G]C,2
G[T>G]G,1
G[T>G]T,0
T[T>G]A,2
T[T>G]C,0
T[T>G]G,0
T[T>G]T,0
