Signature,"ΔOGG1","ΔEXO1","ΔMSH6","ΔPMS1","ΔPMS2","ΔRNF168","ΔUNG","ΔMLH1","ΔMSH2"
"ΔOGG1",1,NA,NA,NA,NA,NA,NA,NA,NA
"ΔEXO1",NA,1,NA,NA,NA,NA,NA,NA,NA
"ΔMSH6",NA,NA,1,NA,NA,NA,NA,NA,NA
"ΔPMS1",NA,NA,NA,1,-0.08022873,NA,-0.0118566,NA,0.1239241
"ΔPMS2",NA,NA,NA,-0.08022873,1,NA,-0.9851665,NA,-0.05932764
"ΔRNF168",NA,NA,NA,NA,NA,1,NA,NA,NA
"ΔUNG",NA,NA,NA,-0.0118566,-0.9851665,NA,1,NA,-0.03689308
"ΔMLH1",NA,NA,NA,NA,NA,NA,NA,1,NA
"ΔMSH2",NA,NA,NA,0.1239241,-0.05932764,NA,-0.03689308,NA,1
