Mutation type,Trinucleotide,low_Lepidosauria__Ts...Tv
C>A,ACA,0
C>A,ACC,2
C>A,ACG,0
C>A,ACT,0
C>A,CCA,8
C>A,CCC,2
C>A,CCG,1
C>A,CCT,3
C>A,GCA,3
C>A,GCC,2
C>A,GCG,1
C>A,GCT,3
C>A,TCA,3
C>A,TCC,3
C>A,TCG,1
C>A,TCT,7
C>G,ACA,1
C>G,ACC,1
C>G,ACG,1
C>G,ACT,0
C>G,CCA,2
C>G,CCC,2
C>G,CCG,0
C>G,CCT,0
C>G,GCA,2
C>G,GCC,1
C>G,GCG,0
C>G,GCT,1
C>G,TCA,2
C>G,TCC,0
C>G,TCG,0
C>G,TCT,0
C>T,ACA,21
C>T,ACC,11
C>T,ACG,3
C>T,ACT,12
C>T,CCA,18
C>T,CCC,10
C>T,CCG,2
C>T,CCT,10
C>T,GCA,14
C>T,GCC,7
C>T,GCG,3
C>T,GCT,10
C>T,TCA,22
C>T,TCC,13
C>T,TCG,2
C>T,TCT,14
T>A,ATA,1
T>A,ATC,0
T>A,ATG,1
T>A,ATT,0
T>A,CTA,1
T>A,CTC,1
T>A,CTG,2
T>A,CTT,1
T>A,GTA,1
T>A,GTC,2
T>A,GTG,2
T>A,GTT,1
T>A,TTA,4
T>A,TTC,1
T>A,TTG,2
T>A,TTT,2
T>C,ATA,12
T>C,ATC,20
T>C,ATG,7
T>C,ATT,51
T>C,CTA,8
T>C,CTC,29
T>C,CTG,6
T>C,CTT,11
T>C,GTA,7
T>C,GTC,13
T>C,GTG,9
T>C,GTT,8
T>C,TTA,6
T>C,TTC,11
T>C,TTG,5
T>C,TTT,8
T>G,ATA,1
T>G,ATC,1
T>G,ATG,2
T>G,ATT,0
T>G,CTA,1
T>G,CTC,1
T>G,CTG,3
T>G,CTT,0
T>G,GTA,1
T>G,GTC,1
T>G,GTG,4
T>G,GTT,1
T>G,TTA,1
T>G,TTC,1
T>G,TTG,2
T>G,TTT,0
