Substitution,"Mammalia__Ts & Tv"
A[C>A]A,0
A[C>A]C,1
A[C>A]G,0
A[C>A]T,0
C[C>A]A,3
C[C>A]C,2
C[C>A]G,1
C[C>A]T,2
G[C>A]A,1
G[C>A]C,2
G[C>A]G,0
G[C>A]T,1
T[C>A]A,5
T[C>A]C,4
T[C>A]G,1
T[C>A]T,7
A[C>G]A,2
A[C>G]C,2
A[C>G]G,0
A[C>G]T,0
C[C>G]A,1
C[C>G]C,1
C[C>G]G,0
C[C>G]T,0
G[C>G]A,4
G[C>G]C,1
G[C>G]G,0
G[C>G]T,1
T[C>G]A,2
T[C>G]C,2
T[C>G]G,0
T[C>G]T,1
A[C>T]A,73
A[C>T]C,63
A[C>T]G,7
A[C>T]T,54
C[C>T]A,64
C[C>T]C,79
C[C>T]G,9
C[C>T]T,17
G[C>T]A,51
G[C>T]C,42
G[C>T]G,5
G[C>T]T,38
T[C>T]A,36
T[C>T]C,61
T[C>T]G,5
T[C>T]T,55
A[T>A]A,1
A[T>A]C,0
A[T>A]G,1
A[T>A]T,0
C[T>A]A,1
C[T>A]C,2
C[T>A]G,2
C[T>A]T,1
G[T>A]A,3
G[T>A]C,2
G[T>A]G,2
G[T>A]T,2
T[T>A]A,4
T[T>A]C,2
T[T>A]G,3
T[T>A]T,2
A[T>C]A,40
A[T>C]C,44
A[T>C]G,31
A[T>C]T,53
C[T>C]A,28
C[T>C]C,39
C[T>C]G,35
C[T>C]T,38
G[T>C]A,25
G[T>C]C,29
G[T>C]G,25
G[T>C]T,32
T[T>C]A,33
T[T>C]C,38
T[T>C]G,24
T[T>C]T,40
A[T>G]A,1
A[T>G]C,0
A[T>G]G,1
A[T>G]T,0
C[T>G]A,0
C[T>G]C,1
C[T>G]G,1
C[T>G]T,0
G[T>G]A,1
G[T>G]C,1
G[T>G]G,2
G[T>G]T,1
T[T>G]A,1
T[T>G]C,1
T[T>G]G,3
T[T>G]T,0
