Mutation type,Trinucleotide,diff_Aves__Ts...Tv
C>A,ACA,0
C>A,ACC,0
C>A,ACG,0
C>A,ACT,0
C>A,CCA,4
C>A,CCC,2
C>A,CCG,1
C>A,CCT,3
C>A,GCA,5
C>A,GCC,2
C>A,GCG,0
C>A,GCT,4
C>A,TCA,3
C>A,TCC,3
C>A,TCG,1
C>A,TCT,5
C>G,ACA,3
C>G,ACC,0
C>G,ACG,0
C>G,ACT,0
C>G,CCA,1
C>G,CCC,1
C>G,CCG,0
C>G,CCT,1
C>G,GCA,5
C>G,GCC,1
C>G,GCG,0
C>G,GCT,0
C>G,TCA,1
C>G,TCC,0
C>G,TCG,0
C>G,TCT,2
C>T,ACA,41
C>T,ACC,29
C>T,ACG,0
C>T,ACT,31
C>T,CCA,50
C>T,CCC,90
C>T,CCG,0
C>T,CCT,1
C>T,GCA,71
C>T,GCC,15
C>T,GCG,2
C>T,GCT,50
C>T,TCA,53
C>T,TCC,16
C>T,TCG,0
C>T,TCT,58
T>A,ATA,0
T>A,ATC,0
T>A,ATG,0
T>A,ATT,0
T>A,CTA,3
T>A,CTC,3
T>A,CTG,5
T>A,CTT,5
T>A,GTA,1
T>A,GTC,1
T>A,GTG,2
T>A,GTT,0
T>A,TTA,2
T>A,TTC,4
T>A,TTG,4
T>A,TTT,0
T>C,ATA,71
T>C,ATC,54
T>C,ATG,81
T>C,ATT,60
T>C,CTA,27
T>C,CTC,63
T>C,CTG,45
T>C,CTT,79
T>C,GTA,11
T>C,GTC,20
T>C,GTG,17
T>C,GTT,0
T>C,TTA,62
T>C,TTC,70
T>C,TTG,65
T>C,TTT,124
T>G,ATA,1
T>G,ATC,2
T>G,ATG,2
T>G,ATT,0
T>G,CTA,2
T>G,CTC,0
T>G,CTG,1
T>G,CTT,1
T>G,GTA,1
T>G,GTC,1
T>G,GTG,1
T>G,GTT,0
T>G,TTA,2
T>G,TTC,1
T>G,TTG,1
T>G,TTT,0
