Mutation type,Trinucleotide,diff_Aves__Ts...Tv
C>A,ACA,0
C>A,ACC,0
C>A,ACG,0
C>A,ACT,0
C>A,CCA,2
C>A,CCC,1
C>A,CCG,0
C>A,CCT,2
C>A,GCA,1
C>A,GCC,0
C>A,GCG,1
C>A,GCT,1
C>A,TCA,2
C>A,TCC,3
C>A,TCG,0
C>A,TCT,5
C>G,ACA,1
C>G,ACC,3
C>G,ACG,0
C>G,ACT,0
C>G,CCA,1
C>G,CCC,2
C>G,CCG,0
C>G,CCT,0
C>G,GCA,4
C>G,GCC,1
C>G,GCG,0
C>G,GCT,0
C>G,TCA,2
C>G,TCC,1
C>G,TCG,1
C>G,TCT,0
C>T,ACA,63
C>T,ACC,23
C>T,ACG,4
C>T,ACT,32
C>T,CCA,23
C>T,CCC,64
C>T,CCG,7
C>T,CCT,2
C>T,GCA,36
C>T,GCC,31
C>T,GCG,0
C>T,GCT,50
C>T,TCA,52
C>T,TCC,27
C>T,TCG,2
C>T,TCT,33
T>A,ATA,0
T>A,ATC,0
T>A,ATG,0
T>A,ATT,0
T>A,CTA,2
T>A,CTC,2
T>A,CTG,0
T>A,CTT,0
T>A,GTA,1
T>A,GTC,3
T>A,GTG,1
T>A,GTT,0
T>A,TTA,2
T>A,TTC,1
T>A,TTG,1
T>A,TTT,0
T>C,ATA,44
T>C,ATC,35
T>C,ATG,31
T>C,ATT,59
T>C,CTA,24
T>C,CTC,41
T>C,CTG,49
T>C,CTT,47
T>C,GTA,0
T>C,GTC,27
T>C,GTG,40
T>C,GTT,18
T>C,TTA,35
T>C,TTC,46
T>C,TTG,40
T>C,TTT,46
T>G,ATA,1
T>G,ATC,1
T>G,ATG,2
T>G,ATT,0
T>G,CTA,0
T>G,CTC,1
T>G,CTG,1
T>G,CTT,0
T>G,GTA,1
T>G,GTC,2
T>G,GTG,1
T>G,GTT,0
T>G,TTA,2
T>G,TTC,0
T>G,TTG,0
T>G,TTT,0
