Mutation type,Trinucleotide,low_Mammalia__Ts...Tv
C>A,ACA,0
C>A,ACC,1
C>A,ACG,0
C>A,ACT,0
C>A,CCA,3
C>A,CCC,2
C>A,CCG,1
C>A,CCT,2
C>A,GCA,1
C>A,GCC,2
C>A,GCG,0
C>A,GCT,1
C>A,TCA,5
C>A,TCC,4
C>A,TCG,1
C>A,TCT,7
C>G,ACA,2
C>G,ACC,2
C>G,ACG,0
C>G,ACT,0
C>G,CCA,1
C>G,CCC,1
C>G,CCG,0
C>G,CCT,0
C>G,GCA,4
C>G,GCC,1
C>G,GCG,0
C>G,GCT,1
C>G,TCA,2
C>G,TCC,2
C>G,TCG,0
C>G,TCT,1
C>T,ACA,30
C>T,ACC,18
C>T,ACG,3
C>T,ACT,17
C>T,CCA,25
C>T,CCC,14
C>T,CCG,3
C>T,CCT,12
C>T,GCA,17
C>T,GCC,11
C>T,GCG,3
C>T,GCT,11
C>T,TCA,30
C>T,TCC,18
C>T,TCG,3
C>T,TCT,18
T>A,ATA,1
T>A,ATC,0
T>A,ATG,1
T>A,ATT,0
T>A,CTA,1
T>A,CTC,2
T>A,CTG,2
T>A,CTT,1
T>A,GTA,3
T>A,GTC,2
T>A,GTG,2
T>A,GTT,2
T>A,TTA,4
T>A,TTC,2
T>A,TTG,3
T>A,TTT,2
T>C,ATA,10
T>C,ATC,19
T>C,ATG,7
T>C,ATT,24
T>C,CTA,6
T>C,CTC,17
T>C,CTG,7
T>C,CTT,11
T>C,GTA,8
T>C,GTC,12
T>C,GTG,8
T>C,GTT,11
T>C,TTA,10
T>C,TTC,12
T>C,TTG,6
T>C,TTT,12
T>G,ATA,1
T>G,ATC,0
T>G,ATG,1
T>G,ATT,0
T>G,CTA,0
T>G,CTC,1
T>G,CTG,1
T>G,CTT,0
T>G,GTA,1
T>G,GTC,1
T>G,GTG,2
T>G,GTT,1
T>G,TTA,1
T>G,TTC,1
T>G,TTG,3
T>G,TTT,0
