Mutation type,Trinucleotide,high_Actinopteri__Ts...Tv
C>A,ACA,0
C>A,ACC,1
C>A,ACG,0
C>A,ACT,0
C>A,CCA,3
C>A,CCC,2
C>A,CCG,0
C>A,CCT,1
C>A,GCA,3
C>A,GCC,1
C>A,GCG,0
C>A,GCT,2
C>A,TCA,4
C>A,TCC,3
C>A,TCG,1
C>A,TCT,5
C>G,ACA,3
C>G,ACC,2
C>G,ACG,1
C>G,ACT,0
C>G,CCA,2
C>G,CCC,2
C>G,CCG,1
C>G,CCT,1
C>G,GCA,2
C>G,GCC,5
C>G,GCG,1
C>G,GCT,2
C>G,TCA,4
C>G,TCC,3
C>G,TCG,1
C>G,TCT,1
C>T,ACA,71
C>T,ACC,55
C>T,ACG,9
C>T,ACT,65
C>T,CCA,54
C>T,CCC,73
C>T,CCG,11
C>T,CCT,31
C>T,GCA,47
C>T,GCC,56
C>T,GCG,10
C>T,GCT,27
C>T,TCA,61
C>T,TCC,46
C>T,TCG,7
C>T,TCT,56
T>A,ATA,1
T>A,ATC,1
T>A,ATG,0
T>A,ATT,0
T>A,CTA,1
T>A,CTC,2
T>A,CTG,1
T>A,CTT,1
T>A,GTA,3
T>A,GTC,1
T>A,GTG,2
T>A,GTT,1
T>A,TTA,5
T>A,TTC,2
T>A,TTG,2
T>A,TTT,2
T>C,ATA,30
T>C,ATC,34
T>C,ATG,20
T>C,ATT,33
T>C,CTA,19
T>C,CTC,30
T>C,CTG,20
T>C,CTT,24
T>C,GTA,18
T>C,GTC,15
T>C,GTG,16
T>C,GTT,25
T>C,TTA,22
T>C,TTC,24
T>C,TTG,15
T>C,TTT,23
T>G,ATA,1
T>G,ATC,2
T>G,ATG,1
T>G,ATT,0
T>G,CTA,1
T>G,CTC,2
T>G,CTG,3
T>G,CTT,1
T>G,GTA,2
T>G,GTC,1
T>G,GTG,4
T>G,GTT,1
T>G,TTA,1
T>G,TTC,1
T>G,TTG,2
T>G,TTT,0
