Mut,MutSpec
A[A>C]A,0.0004243507239177488
A[A>C]C,0.0014966493825766954
A[A>C]G,0.00019731162203209384
A[A>C]T,0.0
A[A>G]A,0.014521815731642894
A[A>G]C,0.016423982583665106
A[A>G]G,0.015093021229513469
A[A>G]T,0.018171099058052118
A[A>T]A,0.0016673963435691473
A[A>T]C,0.0015245264374326058
A[A>T]G,0.002382603204311907
A[A>T]T,0.0
A[C>A]A,0.0004500982815277217
A[C>A]C,0.0009777711055860277
A[C>A]G,0.0006353645419242937
A[C>A]T,0.0
A[C>G]A,0.002393942085751315
A[C>G]C,0.0031884381491447643
A[C>G]G,0.0033435042667807665
A[C>G]T,0.0
A[C>T]A,0.03422580519706862
A[C>T]C,0.037119197354417474
A[C>T]G,0.024141529505218497
A[C>T]T,0.018093950917414413
A[G>A]A,0.006122888730816884
A[G>A]C,0.007182056303296451
A[G>A]G,0.004728028330011025
A[G>A]T,0.006375452582370785
A[G>C]A,0.0010341336430824024
A[G>C]C,0.001041241185838324
A[G>C]G,0.000721532848790868
A[G>C]T,0.0
A[G>T]A,0.0032695802909575035
A[G>T]C,0.002212174285115926
A[G>T]G,0.0019953537132862227
A[G>T]T,0.0
A[T>A]A,0.0007790342424356034
A[T>A]C,0.0005845193382014846
A[T>A]G,0.00048269323287879694
A[T>A]T,0.0
A[T>C]A,0.004129238643270677
A[T>C]C,0.006566494190466215
A[T>C]G,0.0025390774202486374
A[T>C]T,0.005256899025968291
A[T>G]A,0.0008476266425549329
A[T>G]C,0.0009679947773205868
A[T>G]G,0.0011496717251616314
A[T>G]T,0.0
C[A>C]A,0.0006506619752098985
C[A>C]C,0.0017893584585637558
C[A>C]G,0.0007165758232580051
C[A>C]T,0.0
C[A>G]A,0.010910933087600966
C[A>G]C,0.010778132268516732
C[A>G]G,0.012716076585978115
C[A>G]T,0.015590559712882222
C[A>T]A,0.0025103285576980276
C[A>T]C,0.002317280184897561
C[A>T]G,0.002338175405217499
C[A>T]T,0.0
C[C>A]A,0.0013735257236297573
C[C>A]C,0.001984497842555129
C[C>A]G,0.0005721018802349134
C[C>A]T,0.0
C[C>G]A,0.0012913050052898545
C[C>G]C,0.0020606619388578848
C[C>G]G,0.0015635764388775915
C[C>G]T,0.0
C[C>T]A,0.03492783155094972
C[C>T]C,0.046755711680548734
C[C>T]G,0.02611392793160353
C[C>T]T,0.00642914577614436
C[G>A]A,0.011253969608653101
C[G>A]C,0.008405015006482185
C[G>A]G,0.00776958548307804
C[G>A]T,0.008740811348445841
C[G>C]A,0.0007007164742292277
C[G>C]C,0.0012527251525874786
C[G>C]G,0.0004345154905828323
C[G>C]T,0.0
C[G>T]A,0.0033807189282144953
C[G>T]C,0.0023678073468238986
C[G>T]G,0.0023985392353548527
C[G>T]T,0.0
C[T>A]A,0.0005995654047437012
C[T>A]C,0.0005711515260920982
C[T>A]G,0.00043290147008656795
C[T>A]T,0.0
C[T>C]A,0.0037759180529871495
C[T>C]C,0.006126250466396195
C[T>C]G,0.002790498345323223
C[T>C]T,0.002794674749305028
C[T>G]A,0.0005047283626137293
C[T>G]C,0.0004491856398508913
C[T>G]G,0.0006692827524252126
C[T>G]T,0.0
G[A>C]A,0.0006252312023141974
G[A>C]C,0.0008014653271074271
G[A>C]G,0.00087630194460752
G[A>C]T,0.0
G[A>G]A,0.015521209698274878
G[A>G]C,0.018132862639817456
G[A>G]G,0.02081361460488951
G[A>G]T,0.02398362866722264
G[A>T]A,0.003596010596945908
G[A>T]C,0.0012138134301844367
G[A>T]G,0.0027838889840333964
G[A>T]T,0.0
G[C>A]A,0.0015036186462906729
G[C>A]C,0.00040073266355371355
G[C>A]G,0.0010349356615256776
G[C>A]T,0.0
G[C>G]A,0.0027433732247438038
G[C>G]C,0.0017074696099245185
G[C>G]G,0.002414269104917083
G[C>G]T,0.0
G[C>T]A,0.04080415405947056
G[C>T]C,0.018270505598168514
G[C>T]G,0.023150151741905184
G[C>T]T,0.03165555733283871
G[G>A]A,0.007637156700036268
G[G>A]C,0.006297081748594642
G[G>A]G,0.006276347317315018
G[G>A]T,0.007385714361694222
G[G>C]A,0.0006185990605633544
G[G>C]C,0.0014937455226958713
G[G>C]G,0.00043813363405964415
G[G>C]T,0.0
G[G>T]A,0.0027117206856141327
G[G>T]C,0.002580203955249883
G[G>T]G,0.0016547881703060797
G[G>T]T,0.0
G[T>A]A,0.0022489831990951115
G[T>A]C,0.000813661538606888
G[T>A]G,0.001143456020494801
G[T>A]T,0.0
G[T>C]A,0.0046481679818450895
G[T>C]C,0.0059907044178525186
G[T>C]G,0.00481029868657967
G[T>C]T,0.006339070808222038
G[T>G]A,0.0013416997867907229
G[T>G]C,0.0016331307969754238
G[T>G]G,0.0015372262554009088
G[T>G]T,0.0
T[A>C]A,0.0003920210839112415
T[A>C]C,0.0004530021414085457
T[A>C]G,0.0004966270517720018
T[A>C]T,0.0
T[A>G]A,0.012928450286605843
T[A>G]C,0.011423203999185495
T[A>G]G,0.01747754414204475
T[A>G]T,0.018871884126487902
T[A>T]A,0.003788375600523005
T[A>T]C,0.0014054681823188215
T[A>T]G,0.0024546629272333242
T[A>T]T,0.0
T[C>A]A,0.0009001965630554434
T[C>A]C,0.0006562723330662265
T[C>A]G,0.0011354092134021885
T[C>A]T,0.0
T[C>G]A,0.0016813348709971024
T[C>G]C,0.0005923874156880983
T[C>G]G,0.0014925839787435417
T[C>G]T,0.0
T[C>T]A,0.029662970166329856
T[C>T]C,0.01749401346603617
T[C>T]G,0.012752591052626727
T[C>T]T,0.018394210029091616
T[G>A]A,0.011657242262970852
T[G>A]C,0.00937083880284425
T[G>A]G,0.009035831018305655
T[G>A]T,0.009853325723191884
T[G>C]A,0.0005858744728125358
T[G>C]C,0.0008305039259156672
T[G>C]G,0.00029726010034374035
T[G>C]T,0.0
T[G>T]A,0.002031073995128467
T[G>T]C,0.001298025366728333
T[G>T]G,0.0016643725916066045
T[G>T]T,0.0
T[T>A]A,0.001365508212629737
T[T>A]C,0.0007747498162038462
T[T>A]G,0.0008060784251891877
T[T>A]T,0.0
T[T>C]A,0.0031326394113383523
T[T>C]C,0.0030802599404675733
T[T>C]G,0.0023131096008560687
T[T>C]T,0.002851426111995568
T[T>G]A,0.00046835126011227584
T[T>G]C,0.00035402200318503015
T[T>G]G,0.0008766353945075126
T[T>G]T,0.0
