gene,ND2,ND2,ND2,ND2,ND2,CO1,CO1,CO1,CO1,CO1,Cytb,Cytb,Cytb,Cytb,Cytb,CO3,CO3,CO3,CO3,CO3
class,Aves,Mammalia,Lepidosauria,Actinopteri,Amphibia,Mammalia,Actinopteri,Aves,Lepidosauria,Amphibia,Mammalia,Lepidosauria,Actinopteri,Amphibia,Aves,Mammalia,Actinopteri,Amphibia,Lepidosauria,Aves
triplet,,,,,,,,,,,,,,,,,,,,
CCT,23.987111873920885,16.706189515085317,18.586720691773884,19.20966545797865,16.84517911703088,19.465975011979243,21.210207194078013,29.331223375332208,23.13176445800368,16.24388016257021,22.42819087187348,22.034367445754018,22.498138085740763,16.101692326013616,32.61562600897483,12.099240970896153,11.74608418531839,7.830725623582766,13.677083333333332,16.981823367604623
TCC,17.060217445789956,10.781785361548573,7.378075386521682,10.24573960357465,6.6447233963732035,13.474731175781818,17.844437258066755,24.536231200257156,13.817464204856446,11.185186208646602,20.89992129660938,16.797608083460336,19.648027013252005,13.804674646940121,27.141426761417637,9.155769109781852,10.931972579874495,5.14953231292517,9.261046245421245,16.483150027056283
TCT,16.650342433558368,11.86731116364095,10.283928921634681,10.15646951056316,10.769807830959627,21.949335270278375,22.381432379627064,24.53217749718024,17.224951563044236,18.698803393284145,18.116615841324162,17.903246278928318,19.02742851066453,17.847466225643565,17.85822843403931,12.50214423015768,12.415540320004663,9.894175170068026,9.153221778221777,12.209135326479078
TAG,12.118705941925386,13.625437616178507,12.679542942832972,13.32444947522422,12.530972758882356,26.39801670173852,20.454937470502735,28.177952788747472,20.43796998619197,18.94843155936608,18.048473654050063,11.881951848864853,14.618467558901234,12.686734827391193,20.472508040588252,9.247627317067046,9.167655702234661,8.465263605442177,10.305330086580085,12.905947871572875
ACT,16.53454402072631,18.724203419295495,16.206615913966093,11.734530941658665,12.255649375970041,19.392580419744355,16.80583133177348,24.79711270502034,20.438581862342637,14.05774382392923,15.625537106743632,16.980098167713535,15.358595071893896,12.128717530043927,19.663724920161542,11.813457899541804,9.88194389062569,6.83125,12.28384115884116,14.801345824314573
CAG,9.309924794993304,7.577820218114427,9.024752312497954,7.583606326147657,7.348758410579936,20.571782778316756,19.17304536190737,24.52518894343242,22.349617635716776,15.705421503843878,14.67474496031521,11.457320750739903,11.201021616409998,11.032709210687864,11.310892100365509,7.7497497671872875,8.024490139870782,7.954591836734695,7.465263902763901,8.040736607142854
CAT,7.098067987708949,9.309113739946069,7.7795232530943865,5.660034166301253,8.841515342617011,13.758156764409566,10.097420574624097,11.90277390349717,12.381507112379955,13.16328250179853,13.822729451996528,13.391671339332637,10.57846063931349,13.460607874968575,10.668596890576824,6.485527601038523,6.4736919645625965,8.868693310657596,9.067708333333332,7.774912067099567
TAA,21.234438344089025,29.775578455004638,24.84210098598879,13.794901696638862,26.862489326411268,24.166702029435296,17.845471854256893,18.61096727008809,24.448048838135048,23.368037190093773,13.73148595847889,13.66833168679902,10.644948048470654,11.95438166472771,11.007308544774263,8.966474324912138,6.551437529390452,8.989002267573696,11.252003205128204,6.89102565836941
TCA,13.698052303075665,14.584446090722524,10.538321934960972,8.012751560216996,6.341770737069087,12.952832872097035,8.726290414069396,21.103098451646918,11.123214907697667,7.427157399999473,13.348007939336362,12.777257538840157,7.868906174239473,7.32092986468755,17.47788673888785,7.186253028547183,4.505314513997024,3.1155895691609983,5.433030511155511,8.372819715007216
TAT,6.923690593440525,13.659915397247772,9.308444134117119,5.14854604608566,14.05028605926679,17.856929999499023,10.779926090488816,14.93971277224117,18.10151002015226,15.02741917650884,13.146716412669438,12.399122339110749,8.975535634040137,12.166962695655084,8.688508595569283,8.696241251124045,5.020216240280174,8.00483276643991,6.745311979686978,6.046890331890333
TTA,7.685395155017673,15.243284203362688,13.108260371281645,12.770538151500144,17.637518839498302,18.491972086442495,21.26108052315373,10.863756527824483,19.694970020401055,24.258185864837326,12.952106661072094,13.503355270883398,9.67829213001147,15.747859765612361,5.288551983170096,9.591009936874286,9.701987548076039,11.765986394557823,8.486440642690642,4.997157963564215
TAC,9.103513631237899,12.500721183490915,10.929700563389272,7.717273042531074,8.354482046477344,11.059165571555521,8.52132805248957,10.871826451581661,12.402669319425787,9.411869186610652,12.380150610026991,14.061286885257122,10.76827500018153,8.99818309331907,11.391752506763028,6.694880601421159,5.292529321973822,4.776899092970521,6.137300199800199,6.401417748917749
ACA,6.749218977206924,7.816423884910739,6.914328242410555,3.165167312689917,3.5590895266428286,10.679716739278136,12.318034921074439,15.36557875592168,13.868250314101608,7.753217347146097,11.868471053988934,12.898721966254175,10.957757366089552,8.324236576678043,12.896820466995152,3.342180590465348,3.373596190444016,2.709467120181406,3.8439060939060936,5.583931953463205
TTC,5.6688913504397735,6.753713156844081,4.9037357587772465,10.185569790736137,7.554511815643141,11.720572868002794,14.631541336688025,7.291091269960636,11.501472934393192,15.115254618158653,11.838564237930887,9.874327926741293,11.332819441926603,15.319585290423937,6.950855190797805,5.8342166227408185,7.962012253695961,11.650481859410432,4.738178488178487,2.8933775252525256
CAA,18.651462635916822,18.272166420230473,27.989293712007335,13.249284256596837,19.630821091574845,12.07726945472649,12.891800486886085,12.392025384065239,17.194470101258894,12.958666159497186,11.060945064322828,17.191435866753224,8.203781540291358,10.854426585805319,10.5660360506103,6.967614055544642,6.52378566118544,7.062769274376417,10.132913961038959,6.291741071428572
GAG,2.9989960956073056,4.716233995853491,3.1894114733701007,3.4492217896003634,3.867846908551432,15.969006021242988,14.84583625183933,18.13945453065651,14.152726075409264,12.57288147902613,10.073952705519101,6.919172298268481,9.184056150200538,8.229481271300392,10.243665473275007,6.916883067317536,5.973024572402058,5.560912698412698,4.879157301032301,7.928208423520924
TTT,5.665760061709622,6.900861572695603,9.769788786151327,10.15285897844957,16.759166720222073,16.139030285575767,18.03299357860021,6.562124579964733,18.48251526969199,26.547722181828266,9.650622037327658,9.999732699105348,13.036801244836361,16.82246238574345,3.7866179672355647,7.060765734229064,7.573687874805557,14.322321428571428,8.787358474858474,2.306818181818182
ACC,9.25853487317565,7.085031263325741,7.478612437178546,7.182975876458159,6.268008082627922,11.619976461268532,11.867861660263172,16.877317839691525,12.66040951385779,10.180923816951225,9.280232747154962,9.949627624716737,9.707807389158132,8.798301828711445,12.670451218692705,7.3409209078612045,6.899705317737588,5.020904195011338,7.922702297702297,8.527493912337663
CCA,16.953391528683788,13.393002486216322,13.904473746215618,12.85678341998633,8.446625631313294,8.176981131972362,8.777140940656976,10.697025697084161,9.213229508757525,7.692757916371921,8.483913846069632,9.61402266826938,7.552787643701672,6.465014104763004,8.765014765219663,4.337128481046338,5.078431859790979,3.204322562358277,6.276806526806525,7.562682404401156
CTT,6.208683798224591,5.430162075217134,5.607057939257002,9.257780972780484,10.434180952204452,12.034173900493963,10.328609667013529,6.567642264230954,10.722837208289793,12.720534291076165,8.365637239032946,6.834328066333038,8.112652906775095,9.997522192132372,6.3176979931049715,6.30976200187667,5.0142974120246695,6.4220663265306115,4.232418623043623,2.956613005050506
CCC,17.47958336364992,11.65986983060193,14.400786483573643,19.57179092836098,13.688982864471564,10.726911512400374,15.996440532345163,17.77196079112322,16.228708342663083,12.629434455298341,7.991213242495183,9.444741344811588,11.574363684964665,9.638414163084656,13.595402590627476,7.019426021230444,8.084568038313956,6.88640873015873,6.5468541874791875,9.50210836038961
ATA,2.1095238644827465,5.537535036944542,3.2757510066208426,3.0834066263941464,4.4827887785697955,11.316310081419585,7.565562832284033,3.097559603327929,7.832277516544757,12.388609575930824,7.952793542438835,6.013305983206157,7.249891541270245,9.730994392133464,2.8595148226226867,3.4171629783688493,2.4973147826408693,3.4911281179138323,2.8906926406926408,1.1532681727994225
TTG,3.6490015499888635,3.754372007216154,4.537540577001141,11.596100678732395,8.108869115578322,17.588322248190494,22.556800922502656,11.53142865456717,18.468233365054488,26.197874926695178,7.797544538666428,8.033223314863026,13.408662675424129,12.630783784063448,5.883833240702386,5.096884180362252,9.047912726813747,10.86577380952381,7.63726898101898,4.689016053391054
GAA,5.151512607672247,6.717291973445941,4.732429813740524,3.602147423617578,5.759689280926506,9.700622657676758,10.673861386222965,11.342467753097276,12.54282938684878,7.227498123462207,7.561679113426281,6.059486952088037,6.290392822329762,6.584339239701708,5.240917517270138,2.3957078244443677,2.360476624443808,2.373639455782313,4.979686979686979,1.950982142857143
AAA,5.229286993851701,10.072610575655323,8.819321006195315,5.974506945850309,9.95080705045211,3.50219241707715,4.439179171342918,2.9036536719908863,4.849427930785689,4.501923159994947,7.373966232117408,7.405393556769972,7.491968631570301,7.849616766255641,9.528554281711592,3.144047156153852,2.099854472349746,2.768494897959184,3.5470102813852806,1.8710937499999998
ATT,3.7829159919687845,7.494598229468488,6.103288739031857,6.117750316915585,11.874966596574902,11.04696829998341,6.939106816918581,3.066787090939003,10.582645652958153,13.656171939705512,7.276265014878943,5.416839072810583,6.5213897431018655,9.00959557092755,3.0976128436479553,6.318320121864799,4.629103738927903,8.47481575963719,6.099343364968364,2.1526718073593076
TCG,3.309382486570318,3.6759843901571996,3.47813277652614,5.852121694269832,3.9055539494954568,11.259230628891192,13.929810624198883,18.59513533105192,10.013036382917848,8.357503106191484,7.245293892576701,6.24877253190912,9.858554727860978,5.990392484531017,11.853321256663575,3.8174849016853316,4.072575110664454,2.9250708616780043,3.3801406926406923,6.366554157647909
GAT,3.2631526887487694,2.8237126211161767,3.6431918471915776,1.9843138723313327,3.798221808551535,9.258330190258933,7.415760114127133,10.651534514323838,9.710378492436682,9.711696800214067,6.526396513636274,6.335120528482116,5.884781094690014,6.1638343911720925,7.37791523809594,7.439157911107945,6.303278930689139,6.8281887755102035,7.776660839160838,7.86294642857143
CAC,8.750335148020607,9.99550854461236,12.425803900792143,8.702398284862005,8.963023600079069,9.391049636869681,8.858888876821654,11.479468593034753,10.708385035701845,8.259798584536538,6.443794397027675,7.842161506306456,6.4388825126270515,6.630439075117462,9.13055414766174,4.872295523092822,4.8185945930394185,4.4275510204081625,6.943046536796537,3.9011931818181806
CTA,8.911389133687821,8.582071231240025,6.771270619563617,8.432093504965453,8.058577492704064,11.281812465487493,7.258586229318371,6.897346819556966,4.879467395631188,11.873777486130804,6.119671944186863,5.270017642258586,4.749725589177365,6.886616053591484,4.02906004023754,4.869094077453279,3.297963813942185,4.005654761904762,2.746976981351981,4.811777597402598
ACG,1.2741448978530796,0.7001911089160323,0.9298902638669411,1.4183885072885225,0.8752710745340709,5.51691498902163,6.877953973937827,9.555379771976659,7.2741154618848585,4.525385168246966,6.11288820896309,5.561246750128731,8.246744235288668,4.428183990497018,6.55632072829969,4.063949216699427,4.760299771215965,3.83015873015873,3.9953379953379944,6.820178345959597
GCC,4.996240318474756,2.506193523858024,3.9547525059095516,5.269055894898143,3.7559450052741368,2.2347401513566103,4.233003534881939,3.8601529828227825,3.004125693511469,3.4705190394242935,5.749560272018586,3.741840542865357,4.822712785236214,3.5652210449613206,6.4104441637667025,4.87531122704905,4.47203639452812,4.238236961451248,3.642310814185814,6.598488455988456
AAC,7.05941495740325,4.466287482784187,5.412757818252547,5.050926835290928,4.979628103032989,7.1195129580412555,7.1511585792502705,8.724001497365991,7.06050071217097,5.733431306933474,5.749132685412855,5.978386518884301,3.848958549259957,4.531186258081262,6.550932819949052,1.9034433678662523,2.724181782814169,1.0158730158730158,2.155011655011655,2.865645292207793
GCT,3.8591881340964034,3.7538314530954464,3.6209555465811807,5.809966259189868,3.0470975548933565,8.354773186824891,8.320168802302128,8.867655366961447,7.710252929541722,7.09566902326065,5.246952981517883,4.449262510350888,6.462772030161555,5.275785176906802,4.776190570546649,5.414532616390857,6.361336961661545,4.117431972789116,4.013642607392607,3.2926296446608943
ATG,0.8692184667450107,0.615308434026297,0.9933359544171222,1.8694810976466423,1.9431051797091399,6.97234618812128,6.269632738452445,4.236287273436676,6.797598833159178,8.301430442612762,4.038180280924853,3.890681073694737,4.855883221690068,4.952170850095654,2.1103671306626106,4.80012868664068,4.312901906333539,6.355158730158729,4.957292707292707,1.06618529040404
GAC,4.750943760093564,4.9007453939767815,6.830293124058434,6.561618198355291,5.509285955988376,5.071525903380439,4.7579125539941485,5.141749097360913,5.777340445713291,4.41380898134465,3.9566285699015937,4.292558188003258,4.166546021613241,4.690516382393471,3.589455692030326,5.684024037737859,6.219134075695451,5.767602040816326,7.368126665001665,7.087718479437231
CCG,5.120457852172757,2.893614263106999,4.176083451718032,5.030821090638768,3.110382518047679,8.81763932715535,10.283288834400041,10.749314961532308,8.6390160067423,10.338128950665388,3.9088170797986663,3.7262229623847674,6.637669739373302,3.7549387587744327,4.190446350032109,3.5215818161411128,4.486070573886142,2.9907879818594103,4.22052947052947,6.097870445526696
AAT,5.2353738160874554,5.455159366275812,4.1672499477436915,3.740587692543995,4.691777769414837,3.1141206244867403,2.870953252383092,3.0447539305375573,4.213856934492711,3.431132158746438,3.765745861628671,2.0211503091111975,2.808074129960064,2.4497093208103267,3.6384638212778406,2.482837154301753,2.7461177968670802,2.704960317460317,2.336288711288711,3.4934422348484837
CTG,4.596036270710489,1.8237633272648188,2.496397529510788,4.18103658370069,3.4412192549338276,11.135089317354188,12.430802326515469,8.176259192926194,8.595646660571228,13.834569689505368,3.340145712253819,2.4617076359663863,4.250664420393181,3.317557898755441,2.195185270137329,2.9449905342227867,5.27358576014058,5.6363236961451255,2.577880452880452,3.5503506042568547
CTC,4.891011974200424,3.5958808108145868,2.7623616018695656,5.577271754988615,3.9816537065033613,8.288307064574452,7.402937111658468,6.90762252119313,4.358529491341991,6.810719665233171,3.254305461647652,2.130182787938538,3.3578115438175486,3.201086788582552,3.7267414819444884,3.34527536200548,3.149649111652892,2.0779761904761904,0.545995670995671,3.3699797077922073
ATC,1.8840987985478679,2.2982932337782067,1.910690745829434,2.5097612333824326,3.1089865072264438,6.93597034611608,4.933428281947889,3.1531404530266602,4.240395021645021,7.330543288990027,3.177189624492556,2.2417358197524355,2.428110230081412,2.9849840983804214,2.578959187990962,4.075164109478887,2.8013705789904817,2.9587585034013606,3.2673160173160167,1.3620941558441562
AAG,6.66513150803138,4.561244337595567,4.656050653362467,5.644327242674491,4.161394302423863,7.5438044957338715,7.806049971242451,10.406270390875099,6.301560867293626,7.495702139926244,2.3179986973459124,3.459618672316595,2.8642927081110683,3.784696283518659,2.0208049583595336,7.67767562930632,9.162545612121384,9.071371882086167,9.121290168165169,9.8734375
GCA,2.836912895515555,1.8730031548684434,2.89880560336642,1.8328758186261573,1.177316201986194,3.7457919092134446,3.9737107301856374,5.233448736187115,5.498252615440115,3.5823775888839626,2.1351153363234316,2.0317901468892146,1.4894916475639413,2.1269498710215218,2.89251485915648,1.8198857246330726,2.3356703098989215,1.9607709750566893,2.392633408258408,2.729484577922077
TGA,3.9184107848338474,2.428536927238856,2.144600847478554,4.820841759521412,2.5954150393434188,3.2326317265636164,5.346746520908207,2.8766881859849844,3.2611471083992636,3.5402776913760614,1.8745877676107676,1.124106453511806,2.4603793459302055,1.5379705844999385,0.9455246413604216,1.9421991221215475,1.0881352105304993,1.0712018140589572,1.6935096153846154,1.7778855519480528
GTT,0.8316184133892822,0.9475180714995856,0.9434711745100662,2.256040617477509,1.7282320515366798,3.765525517549262,2.1302364159839025,1.1369026816903445,3.1488134112056523,3.0149334985451475,1.4987984450150418,1.4429250709839296,1.9879929952670838,2.0359964652035334,0.657513190347019,1.9341574580398389,1.7034379440988285,1.400297619047619,1.0059731934731933,1.2166157106782105
GTC,1.0095084053754209,0.6114120430450255,0.5684299634487693,1.6760783615651982,1.1547407887242727,2.0746115435728476,1.491370652898521,0.8777708441750687,1.6308583059660644,1.5696624678248847,1.4984181340686913,0.8807196844592748,1.104805698310634,1.4343969318932528,1.0179121073000952,1.764258156569189,0.7945058350339579,0.9542942176870748,1.6260146103896103,0.831320797258297
TGC,2.455906686648778,1.7342490360774654,1.5710192091873092,3.3860833991732013,1.2985892445710623,2.898322244397503,4.1838190070475125,4.689037498256645,2.8500331983629397,3.2810038104939068,1.4967156783739204,1.8374533290949464,3.794853862152998,1.9874599334027934,1.7492311227428028,1.2718180463797033,0.8971577186173691,1.5624149659863946,1.4963369963369964,1.7892715097402603
TGG,2.6310998332479327,1.2792408579300063,2.206794498018644,4.587078122203499,2.27538754111309,5.46539475099073,8.311050761068017,3.678050796042589,7.185857186395979,5.974095953353546,1.3493323250170615,1.5998766973501344,4.359432281844702,2.7191705031598734,2.221960027605765,0.8821357461952635,3.5515767267407403,2.4174744897959184,1.8805257242757243,2.3902056277056287
GGG,0.7274326957250845,0.41213505071559314,1.1419819720271875,2.329614020406231,1.4440021139327577,3.734552640071818,5.6254513285051075,2.268116932020826,5.160292114494701,7.197170368036823,1.3431057188713986,2.069389444892878,2.8287555896784773,3.155030761405475,1.1570670480509442,0.8572595414632055,1.8296056063332395,1.727140022675737,1.787509365634366,0.4006516053391053
TGT,1.4505845462686966,1.3007199997638106,1.2377705924943216,2.105861361892852,1.8263131413554912,4.875266484771193,4.75074055832431,3.032033721819586,4.154301248320645,4.094247479902734,1.2155341210400548,1.548649406985888,2.4206021932619417,2.167676411397724,0.8750216999880395,1.503207695344058,1.2975095720184782,0.7514739229024944,0.6963141025641024,0.6028287337662334
GCG,0.6999212439174191,0.41738317730468294,0.9322672008169687,1.150564789722298,0.6428837396997924,2.5628630516084567,2.1802923772108698,2.001839148507712,3.3111810064935066,2.7096249887298898,1.1930761734386277,2.2442980034277937,1.938239382002092,2.119856992124954,1.9826712857683888,0.6856744019211917,1.1987000511401178,0.6309948979591837,1.1406249999999998,0.14231601731601728
GTG,0.5720614891255908,0.21038962675274692,0.33982622515872235,0.6134406899047691,0.4872729364996365,3.470211882113394,5.349265749418773,2.442882683638055,3.5535033991391747,3.6644567578346283,1.1227681577966142,1.2217231685820533,1.828869234321035,1.829812830172857,1.161678455326735,0.7082285555946721,1.465437603740244,1.4019557823129252,0.9521780303030302,0.613365800865801
GTA,0.8340767479035833,0.613218005726626,0.722179293565594,1.1991293968459913,0.7722335323242876,3.5939943865793564,3.0710349962766825,4.7890717890282355,1.9379622113997113,3.856476812208857,1.0658476887231987,0.8139126717734464,0.9787880741415557,1.4359078180917642,1.1693218090398076,1.0700941071941616,1.0103378370995086,1.600496031746032,0.14932463369963367,0.41412337662337645
GGT,0.5466272809070399,0.36527839528671624,0.7775269067009017,1.0908584867022213,0.8660894592766203,2.164684475132722,2.7764113810612607,0.9355414741641362,1.7004839030701098,2.9548685509639743,0.8911742840661435,1.6699416760513404,1.9785127800910245,1.9326742567795208,0.6607218771894278,1.0082181708022122,1.6119574986617182,1.7339143990929704,0.6364885114885116,0.3870535714285714
AGC,1.0014924091698822,0.4062435885084668,0.5052308476269854,2.0399314062774314,0.45605675591286476,1.2842181044022785,1.6236024377267442,1.1540553221829222,1.010837671667413,2.1024782818364676,0.664622064525422,0.763044444165866,1.274889030241923,1.0589882181891743,0.665208957031356,0.2800455976687345,0.7118456777879606,0.126984126984127,0.09498834498834496,0.141497564935065
AGA,0.6988992339030717,0.4341137849325382,0.7488142696627645,1.5553684925910094,0.7015655872548534,0.46627227210925387,0.9347107573655471,0.17588253398144504,0.6175859581031993,0.8040083628825403,0.6032025579745705,0.4571064418396297,1.178014841213591,0.842095079086677,0.7456215108122949,0.27578701519775123,0.19847905717470937,0.3080357142857143,0.015625,0.12890624999999994
CGG,0.6104848024134434,0.3512537278302986,0.5154263233393603,1.9537435184288712,0.61465160869991,1.6331317820405045,2.728075904126692,1.217931596155723,2.2777338502015225,3.0199257085804723,0.5993324409073741,0.6951972877095538,1.8381745948034611,0.9703497967811853,0.45740744259162897,0.3384616222413686,0.6891975048263752,0.4836734693877552,0.5300480769230769,0.8760044642857141
AGT,1.1583190631694762,0.4070610295070208,0.451443858920988,1.5336007439372086,0.5906499799084348,0.5962822063283577,0.8310824578500903,0.24698360443694636,0.44492920274170267,1.1410330574728091,0.5226822824721165,0.6149121543799868,0.7519891675207322,0.7714044518069872,0.320070940202094,0.607913882763081,0.8216770072226198,0.5635345804988663,0.4018065268065268,0.6244149080086582
GGA,0.4508256407040618,0.4314658464535738,0.38761558166715193,0.9548995119115551,0.6453153338823183,1.8203785458105632,2.081688965990206,1.498054647902727,1.1040547096581579,2.7736457525452485,0.5089525561133175,0.529251471877522,0.8499926690708097,0.6163948477948821,0.25460511983858725,0.3508791953883418,0.7886320761084467,0.7405187074829934,0.2867965367965368,0.3208680555555553
CGT,0.3898972300083924,0.4057611653567344,0.30203404542712015,0.8421860389660731,0.5975299098756345,1.0339465755179849,0.7304193761829072,0.5936637592438775,0.6130427582474995,1.1518245998708456,0.5065806761996783,0.6854550729847286,1.2702979377403523,1.043666316996569,0.49090951730722465,0.15607793756286914,0.35293031079130843,0.620748299319728,0.030776515151515152,0.48788780663780645
CGA,0.9280098049348119,0.6538058346959398,0.8549532734923437,1.6151376335229293,0.8382243214751601,0.6229071327593878,1.15622800011322,0.4062458560257847,0.5576337575259989,0.4521899592595815,0.31393938172739144,0.44034691617513144,0.885400814445651,0.6897094184074793,0.26689880400098304,0.3749752473246414,0.32455360019730006,0.27301587301587305,0.2178030303030303,0.0015625
CGC,0.8854530875955561,0.5998287645317393,0.8588022547068874,1.6355563539981497,1.0658036698735567,0.8230595458632433,1.6918445834149274,0.4808417125155845,1.1183222309299894,1.8326939269120373,0.3088377014629732,0.3921855957336671,1.1667928215276735,0.7718702135519021,0.6609635062819785,0.43833483027382436,0.7221643266066706,0.5913832199546485,0.3645833333333333,0.3431250000000001
GGC,0.8829245095873703,0.32230128166880934,0.6076444682088745,2.102001256293284,0.617431959200523,0.5804109687290572,0.7272174345154379,0.14470544833794638,0.717543740981241,1.4075988676744644,0.301269986061424,0.41511565519992605,0.8358241951826675,0.8085460111062958,0.22017941434262936,0.7365049509794084,0.7675886420055271,0.9847789115646258,1.2412847569097567,0.5377279491341987
AGG,0.7241381771378157,0.28705045401021106,0.4770079328593062,1.7497165744275436,0.31089946030217425,0.9651552960491385,1.3595191595559935,0.5483682443282369,1.4953440656565655,1.3167910326558474,0.20021059899559818,0.3816174829462307,0.49578929687225115,0.5088837978659408,0.16862393080815327,0.9107935210908019,1.813049827935302,2.206122448979592,1.2533248001998,0.3747869318181819
