Mutation type,Trinucleotide,diff_Lepidosauria__Ts.only
C>A,ACA,0
C>A,ACC,0
C>A,ACG,0
C>A,ACT,0
C>A,CCA,0
C>A,CCC,0
C>A,CCG,0
C>A,CCT,0
C>A,GCA,0
C>A,GCC,0
C>A,GCG,0
C>A,GCT,0
C>A,TCA,0
C>A,TCC,0
C>A,TCG,0
C>A,TCT,0
C>G,ACA,0
C>G,ACC,0
C>G,ACG,0
C>G,ACT,0
C>G,CCA,0
C>G,CCC,0
C>G,CCG,0
C>G,CCT,0
C>G,GCA,0
C>G,GCC,0
C>G,GCG,0
C>G,GCT,0
C>G,TCA,0
C>G,TCC,0
C>G,TCG,0
C>G,TCT,0
C>T,ACA,58
C>T,ACC,64
C>T,ACG,6
C>T,ACT,72
C>T,CCA,58
C>T,CCC,67
C>T,CCG,8
C>T,CCT,45
C>T,GCA,44
C>T,GCC,24
C>T,GCG,4
C>T,GCT,34
C>T,TCA,31
C>T,TCC,16
C>T,TCG,5
C>T,TCT,30
T>A,ATA,0
T>A,ATC,0
T>A,ATG,0
T>A,ATT,0
T>A,CTA,0
T>A,CTC,0
T>A,CTG,0
T>A,CTT,0
T>A,GTA,0
T>A,GTC,0
T>A,GTG,0
T>A,GTT,0
T>A,TTA,0
T>A,TTC,0
T>A,TTG,0
T>A,TTT,0
T>C,ATA,18
T>C,ATC,20
T>C,ATG,14
T>C,ATT,0
T>C,CTA,10
T>C,CTC,9
T>C,CTG,19
T>C,CTT,15
T>C,GTA,12
T>C,GTC,8
T>C,GTG,32
T>C,GTT,23
T>C,TTA,15
T>C,TTC,16
T>C,TTG,11
T>C,TTT,22
T>G,ATA,0
T>G,ATC,0
T>G,ATG,0
T>G,ATT,0
T>G,CTA,0
T>G,CTC,0
T>G,CTG,0
T>G,CTT,0
T>G,GTA,0
T>G,GTC,0
T>G,GTG,0
T>G,GTT,0
T>G,TTA,0
T>G,TTC,0
T>G,TTG,0
T>G,TTT,0
