Mutation type,Trinucleotide,diff_Lepidosauria__Ts...Tv
C>A,ACA,0
C>A,ACC,2
C>A,ACG,0
C>A,ACT,0
C>A,CCA,8
C>A,CCC,2
C>A,CCG,1
C>A,CCT,3
C>A,GCA,3
C>A,GCC,2
C>A,GCG,1
C>A,GCT,3
C>A,TCA,3
C>A,TCC,3
C>A,TCG,1
C>A,TCT,7
C>G,ACA,1
C>G,ACC,1
C>G,ACG,1
C>G,ACT,0
C>G,CCA,2
C>G,CCC,2
C>G,CCG,0
C>G,CCT,0
C>G,GCA,2
C>G,GCC,1
C>G,GCG,0
C>G,GCT,1
C>G,TCA,2
C>G,TCC,0
C>G,TCG,0
C>G,TCT,0
C>T,ACA,58
C>T,ACC,64
C>T,ACG,6
C>T,ACT,72
C>T,CCA,58
C>T,CCC,67
C>T,CCG,8
C>T,CCT,45
C>T,GCA,44
C>T,GCC,24
C>T,GCG,4
C>T,GCT,34
C>T,TCA,31
C>T,TCC,16
C>T,TCG,5
C>T,TCT,30
T>A,ATA,1
T>A,ATC,0
T>A,ATG,1
T>A,ATT,0
T>A,CTA,1
T>A,CTC,1
T>A,CTG,2
T>A,CTT,1
T>A,GTA,1
T>A,GTC,2
T>A,GTG,2
T>A,GTT,1
T>A,TTA,4
T>A,TTC,1
T>A,TTG,2
T>A,TTT,2
T>C,ATA,18
T>C,ATC,20
T>C,ATG,14
T>C,ATT,0
T>C,CTA,10
T>C,CTC,9
T>C,CTG,19
T>C,CTT,15
T>C,GTA,12
T>C,GTC,8
T>C,GTG,32
T>C,GTT,23
T>C,TTA,15
T>C,TTC,16
T>C,TTG,11
T>C,TTT,22
T>G,ATA,1
T>G,ATC,1
T>G,ATG,2
T>G,ATT,0
T>G,CTA,1
T>G,CTC,1
T>G,CTG,3
T>G,CTT,0
T>G,GTA,1
T>G,GTC,1
T>G,GTG,4
T>G,GTT,1
T>G,TTA,1
T>G,TTC,1
T>G,TTG,2
T>G,TTT,0
