Substitution,"Lepidosauria__Ts & Tv"
A[C>A]A,0
A[C>A]C,2
A[C>A]G,0
A[C>A]T,0
C[C>A]A,8
C[C>A]C,2
C[C>A]G,1
C[C>A]T,3
G[C>A]A,3
G[C>A]C,2
G[C>A]G,1
G[C>A]T,3
T[C>A]A,3
T[C>A]C,3
T[C>A]G,1
T[C>A]T,7
A[C>G]A,1
A[C>G]C,1
A[C>G]G,1
A[C>G]T,0
C[C>G]A,2
C[C>G]C,2
C[C>G]G,0
C[C>G]T,0
G[C>G]A,2
G[C>G]C,1
G[C>G]G,0
G[C>G]T,1
T[C>G]A,2
T[C>G]C,0
T[C>G]G,0
T[C>G]T,0
A[C>T]A,58
A[C>T]C,64
A[C>T]G,6
A[C>T]T,72
C[C>T]A,58
C[C>T]C,67
C[C>T]G,8
C[C>T]T,45
G[C>T]A,44
G[C>T]C,24
G[C>T]G,4
G[C>T]T,34
T[C>T]A,31
T[C>T]C,16
T[C>T]G,5
T[C>T]T,30
A[T>A]A,1
A[T>A]C,0
A[T>A]G,1
A[T>A]T,0
C[T>A]A,1
C[T>A]C,1
C[T>A]G,2
C[T>A]T,1
G[T>A]A,1
G[T>A]C,2
G[T>A]G,2
G[T>A]T,1
T[T>A]A,4
T[T>A]C,1
T[T>A]G,2
T[T>A]T,2
A[T>C]A,18
A[T>C]C,20
A[T>C]G,14
A[T>C]T,0
C[T>C]A,10
C[T>C]C,9
C[T>C]G,19
C[T>C]T,15
G[T>C]A,12
G[T>C]C,8
G[T>C]G,32
G[T>C]T,23
T[T>C]A,15
T[T>C]C,16
T[T>C]G,11
T[T>C]T,22
A[T>G]A,1
A[T>G]C,1
A[T>G]G,2
A[T>G]T,0
C[T>G]A,1
C[T>G]C,1
C[T>G]G,3
C[T>G]T,0
G[T>G]A,1
G[T>G]C,1
G[T>G]G,4
G[T>G]T,1
T[T>G]A,1
T[T>G]C,1
T[T>G]G,2
T[T>G]T,0
