Mut,ObsNum,ExpNum,MutSpec
A[A>C]A,0,126,0.0
A[A>C]C,9,137,0.0012698181743351768
A[A>C]G,0,34,0.0
A[A>C]T,0,92,0.0
A[A>G]A,1,126,0.00015340836850433792
A[A>G]C,28,137,0.003950545431264994
A[A>G]G,0,34,0.0
A[A>G]T,9,92,0.0018909248900426002
A[A>T]A,3,126,0.0004602251055130138
A[A>T]C,3,137,0.0004232727247783923
A[A>T]G,0,34,0.0
A[A>T]T,2,92,0.0004202055311205778
A[C>A]A,6,129,0.0008990443921649572
A[C>A]C,2,119,0.00032486478036212736
A[C>A]G,1,29,0.0006665329114326407
A[C>A]T,7,131,0.0010328716108460004
A[C>G]A,1,129,0.00014984073202749286
A[C>G]C,0,119,0.0
A[C>G]G,0,29,0.0
A[C>G]T,0,131,0.0
A[C>T]A,17,129,0.0025472924444673787
A[C>T]C,23,119,0.003735944974164465
A[C>T]G,0,29,0.0
A[C>T]T,13,131,0.0019181901344282864
A[G>A]A,65,36,0.03490040383473688
A[G>A]C,184,72,0.04939749465839681
A[G>A]G,62,42,0.028533956541806856
A[G>A]T,61,30,0.03930322401081138
A[G>C]A,1,36,0.0005369292897651828
A[G>C]C,8,72,0.002147717159060731
A[G>C]G,0,42,0.0
A[G>C]T,2,30,0.0012886302954364386
A[G>T]A,2,36,0.0010738585795303656
A[G>T]C,0,72,0.0
A[G>T]G,0,42,0.0
A[G>T]T,0,30,0.0
A[T>A]A,0,87,0.0
A[T>A]C,0,116,0.0
A[T>A]G,0,37,0.0
A[T>A]T,0,87,0.0
A[T>C]A,64,87,0.014219368777229667
A[T>C]C,103,116,0.017163222469390498
A[T>C]G,21,37,0.010970771434121031
A[T>C]T,61,87,0.013552835865797027
A[T>G]A,0,87,0.0
A[T>G]C,0,116,0.0
A[T>G]G,0,37,0.0
A[T>G]T,0,87,0.0
C[A>C]A,12,128,0.0018121363529574918
C[A>C]C,9,129,0.0013485665882474358
C[A>C]G,0,59,0.0
C[A>C]T,3,123,0.00047145010808650193
C[A>G]A,0,128,0.0
C[A>G]C,9,129,0.0013485665882474358
C[A>G]G,3,59,0.0009828536151633854
C[A>G]T,5,123,0.0007857501801441699
C[A>T]A,1,128,0.00015101136274645765
C[A>T]C,5,129,0.0007492036601374643
C[A>T]G,1,59,0.0003276178717211285
C[A>T]T,1,123,0.000157150036028834
C[C>A]A,1,121,0.00015974755728550893
C[C>A]C,4,160,0.0004832363607886645
C[C>A]G,2,27,0.0014318114393738206
C[C>A]T,4,172,0.0004495221960824786
C[C>G]A,0,121,0.0
C[C>G]C,1,160,0.00012080909019716613
C[C>G]G,0,27,0.0
C[C>G]T,0,172,0.0
C[C>T]A,22,121,0.0035144462602811964
C[C>T]C,24,160,0.0028994181647319867
C[C>T]G,4,27,0.002863622878747641
C[C>T]T,12,172,0.0013485665882474358
C[G>A]A,81,27,0.05798836329463974
C[G>A]C,170,48,0.0684584844450608
C[G>A]G,55,20,0.053155999686753094
C[G>A]T,36,12,0.05798836329463974
C[G>C]A,1,27,0.0007159057196869103
C[G>C]C,3,48,0.0012080909019716612
C[G>C]G,1,20,0.000966472721577329
C[G>C]T,1,12,0.0016107878692955481
C[G>T]A,1,27,0.0007159057196869103
C[G>T]C,2,48,0.0008053939346477741
C[G>T]G,1,20,0.000966472721577329
C[G>T]T,0,12,0.0
C[T>A]A,0,148,0.0
C[T>A]C,1,149,0.00012972788209091664
C[T>A]G,1,41,0.00047145010808650193
C[T>A]T,0,100,0.0
C[T>C]A,88,148,0.01149318912146013
C[T>C]C,131,149,0.01699435255391008
C[T>C]G,20,41,0.009429002161730038
C[T>C]T,42,100,0.008118370861249563
C[T>G]A,0,148,0.0
C[T>G]C,1,149,0.00012972788209091664
C[T>G]G,1,41,0.00047145010808650193
C[T>G]T,0,100,0.0
G[A>C]A,0,41,0.0
G[A>C]C,2,46,0.0008404110622411556
G[A>C]G,0,24,0.0
G[A>C]T,0,24,0.0
G[A>G]A,4,41,0.0018858004323460077
G[A>G]C,10,46,0.004202055311205778
G[A>G]G,2,24,0.0016107878692955481
G[A>G]T,5,24,0.004026969673238871
G[A>T]A,1,41,0.00047145010808650193
G[A>T]C,0,46,0.0
G[A>T]G,0,24,0.0
G[A>T]T,0,24,0.0
G[C>A]A,0,58,0.0
G[C>A]C,6,77,0.001506191254406227
G[C>A]G,1,12,0.0016107878692955481
G[C>A]T,1,42,0.0004602251055130138
G[C>G]A,0,58,0.0
G[C>G]C,0,77,0.0
G[C>G]G,0,12,0.0
G[C>G]T,0,42,0.0
G[C>T]A,8,58,0.0026661316457305627
G[C>T]C,5,77,0.0012551593786718556
G[C>T]G,3,12,0.004832363607886645
G[C>T]T,1,42,0.0004602251055130138
G[G>A]A,68,27,0.048681588938709906
G[G>A]C,93,41,0.043844860052044674
G[G>A]G,33,14,0.045562285445788366
G[G>A]T,21,11,0.03690168573295256
G[G>C]A,0,27,0.0
G[G>C]C,4,41,0.0018858004323460077
G[G>C]G,0,14,0.0
G[G>C]T,0,11,0.0
G[G>T]A,0,27,0.0
G[G>T]C,0,41,0.0
G[G>T]G,0,14,0.0
G[G>T]T,0,11,0.0
G[T>A]A,0,27,0.0
G[T>A]C,0,23,0.0
G[T>A]G,0,8,0.0
G[T>A]T,0,18,0.0
G[T>C]A,11,27,0.007874962916556013
G[T>C]C,30,23,0.02521233186723467
G[T>C]G,5,8,0.012080909019716613
G[T>C]T,16,18,0.01718173727248585
G[T>G]A,0,27,0.0
G[T>G]C,0,23,0.0
G[T>G]G,0,8,0.0
G[T>G]T,1,18,0.0010738585795303656
T[A>C]A,2,94,0.0004112649879052464
T[A>C]C,1,97,0.00019927272609841833
T[A>C]G,2,63,0.0006136334740173517
T[A>C]T,0,88,0.0
T[A>G]A,4,94,0.0008225299758104928
T[A>G]C,15,97,0.0029890908914762754
T[A>G]G,2,63,0.0006136334740173517
T[A>G]T,6,88,0.0013179173476054486
T[A>T]A,2,94,0.0004112649879052464
T[A>T]C,3,97,0.000597818178295255
T[A>T]G,1,63,0.00030681673700867583
T[A>T]T,0,88,0.0
T[C>A]A,5,130,0.0007434405550594839
T[C>A]C,4,124,0.0006235307881144057
T[C>A]G,2,39,0.0009912540734126451
T[C>A]T,5,93,0.0010392179801906763
T[C>G]A,0,130,0.0
T[C>G]C,1,124,0.00015588269702860143
T[C>G]G,0,39,0.0
T[C>G]T,0,93,0.0
T[C>T]A,22,130,0.003271138442261729
T[C>T]C,19,124,0.0029617712435434274
T[C>T]G,7,39,0.0034693892569442578
T[C>T]T,7,93,0.0014549051722669468
T[G>A]A,71,45,0.03049758365866238
T[G>A]C,41,28,0.028303843989050347
T[G>A]G,30,17,0.03411080193802338
T[G>A]T,33,23,0.027733565053958135
T[G>C]A,5,45,0.002147717159060731
T[G>C]C,4,28,0.0027613506330780827
T[G>C]G,1,17,0.0011370267312674459
T[G>C]T,4,23,0.0033616442489646224
T[G>T]A,2,45,0.0008590868636242924
T[G>T]C,2,28,0.0013806753165390413
T[G>T]G,1,17,0.0011370267312674459
T[G>T]T,0,23,0.0
T[T>A]A,2,80,0.0004832363607886645
T[T>A]C,1,98,0.00019723933093414875
T[T>A]G,0,27,0.0
T[T>A]T,0,48,0.0
T[T>C]A,27,80,0.006523690870646971
T[T>C]C,45,98,0.008875769892036695
T[T>C]G,10,27,0.007159057196869103
T[T>C]T,20,48,0.008053939346477742
T[T>G]A,0,80,0.0
T[T>G]C,0,98,0.0
T[T>G]G,0,27,0.0
T[T>G]T,0,48,0.0
