Mutation type,Trinucleotide,high_Aves__Ts.only
C>A,ACA,0
C>A,ACC,0
C>A,ACG,0
C>A,ACT,0
C>A,CCA,0
C>A,CCC,0
C>A,CCG,0
C>A,CCT,0
C>A,GCA,0
C>A,GCC,0
C>A,GCG,0
C>A,GCT,0
C>A,TCA,0
C>A,TCC,0
C>A,TCG,0
C>A,TCT,0
C>G,ACA,0
C>G,ACC,0
C>G,ACG,0
C>G,ACT,0
C>G,CCA,0
C>G,CCC,0
C>G,CCG,0
C>G,CCT,0
C>G,GCA,0
C>G,GCC,0
C>G,GCG,0
C>G,GCT,0
C>G,TCA,0
C>G,TCC,0
C>G,TCG,0
C>G,TCT,0
C>T,ACA,53
C>T,ACC,38
C>T,ACG,2
C>T,ACT,38
C>T,CCA,70
C>T,CCC,97
C>T,CCG,3
C>T,CCT,11
C>T,GCA,83
C>T,GCC,22
C>T,GCG,3
C>T,GCT,56
C>T,TCA,63
C>T,TCC,26
C>T,TCG,1
C>T,TCT,70
T>A,ATA,0
T>A,ATC,0
T>A,ATG,0
T>A,ATT,0
T>A,CTA,0
T>A,CTC,0
T>A,CTG,0
T>A,CTT,0
T>A,GTA,0
T>A,GTC,0
T>A,GTG,0
T>A,GTT,0
T>A,TTA,0
T>A,TTC,0
T>A,TTG,0
T>A,TTT,0
T>C,ATA,76
T>C,ATC,58
T>C,ATG,87
T>C,ATT,77
T>C,CTA,31
T>C,CTC,72
T>C,CTG,48
T>C,CTT,79
T>C,GTA,17
T>C,GTC,30
T>C,GTG,22
T>C,GTT,5
T>C,TTA,67
T>C,TTC,73
T>C,TTG,67
T>C,TTT,132
T>G,ATA,0
T>G,ATC,0
T>G,ATG,0
T>G,ATT,0
T>G,CTA,0
T>G,CTC,0
T>G,CTG,0
T>G,CTT,0
T>G,GTA,0
T>G,GTC,0
T>G,GTG,0
T>G,GTT,0
T>G,TTA,0
T>G,TTC,0
T>G,TTG,0
T>G,TTT,0
