Mutation type,Trinucleotide,high_Lepidosauria__Ts...Tv
C>A,ACA,0
C>A,ACC,2
C>A,ACG,0
C>A,ACT,0
C>A,CCA,8
C>A,CCC,2
C>A,CCG,1
C>A,CCT,3
C>A,GCA,3
C>A,GCC,2
C>A,GCG,1
C>A,GCT,3
C>A,TCA,3
C>A,TCC,3
C>A,TCG,1
C>A,TCT,7
C>G,ACA,1
C>G,ACC,1
C>G,ACG,1
C>G,ACT,0
C>G,CCA,2
C>G,CCC,2
C>G,CCG,0
C>G,CCT,0
C>G,GCA,2
C>G,GCC,1
C>G,GCG,0
C>G,GCT,1
C>G,TCA,2
C>G,TCC,0
C>G,TCG,0
C>G,TCT,0
C>T,ACA,79
C>T,ACC,75
C>T,ACG,9
C>T,ACT,84
C>T,CCA,76
C>T,CCC,77
C>T,CCG,10
C>T,CCT,55
C>T,GCA,57
C>T,GCC,31
C>T,GCG,7
C>T,GCT,44
C>T,TCA,53
C>T,TCC,29
C>T,TCG,7
C>T,TCT,43
T>A,ATA,1
T>A,ATC,0
T>A,ATG,1
T>A,ATT,0
T>A,CTA,1
T>A,CTC,1
T>A,CTG,2
T>A,CTT,1
T>A,GTA,1
T>A,GTC,2
T>A,GTG,2
T>A,GTT,1
T>A,TTA,4
T>A,TTC,1
T>A,TTG,2
T>A,TTT,2
T>C,ATA,30
T>C,ATC,40
T>C,ATG,21
T>C,ATT,37
T>C,CTA,19
T>C,CTC,37
T>C,CTG,25
T>C,CTT,26
T>C,GTA,20
T>C,GTC,21
T>C,GTG,42
T>C,GTT,31
T>C,TTA,21
T>C,TTC,27
T>C,TTG,16
T>C,TTT,30
T>G,ATA,1
T>G,ATC,1
T>G,ATG,2
T>G,ATT,0
T>G,CTA,1
T>G,CTC,1
T>G,CTG,3
T>G,CTT,0
T>G,GTA,1
T>G,GTC,1
T>G,GTG,4
T>G,GTT,1
T>G,TTA,1
T>G,TTC,1
T>G,TTG,2
T>G,TTT,0
