AncestorCodon,MutBase,T,R,MutSpec
ACA,C>T,-0.0120150711130166,-0.0527441698537534,1.7964018282499064
ACC,C>T,0.0285564476489864,-0.0695309682768877,2.3293561414160275
ACG,C>T,0.0717473121568575,0.0123168851523529,1.4656779756906497
ACT,C>T,-0.0880579758120442,-0.0745115941619381,1.5049077979012913
ATA,T>C,-0.320754210241182,-0.774054840247337,-2.192290761085746
ATC,T>C,-0.287355081832517,-0.528320177552196,-1.8688547161852964
ATG,T>C,-0.240529066007073,-0.645501084992459,-2.618296432121069
ATT,T>C,-0.269914367864808,-0.639137408871791,-1.7893617528280286
CCA,C>A,-0.0649882584947004,-0.123515821591297,-0.27709450610603903
CCA,C>G,0.0453600447552193,0.177033397893829,2.1190320683973556
CCA,C>T,0.179856731776227,0.189606141839649,1.9506478818276025
CCC,C>A,0.0102171714105406,-0.0364960588217413,0.26212744468130805
CCC,C>G,0.101951864314564,0.355669467181728,2.233664968563845
CCC,C>T,0.180006384576249,0.0736860128380536,2.8971455207268466
CCG,C>A,-0.0286112248511353,-0.209946995820842,-2.067812048402808
CCG,C>G,0.0678968607574639,0.141907208047338,1.8473702348133376
CCG,C>T,0.176045226332483,0.122654582219437,1.7489099409833282
CCT,C>T,0.115260514979305,0.158997547901791,0.4433883830858581
CTA,T>A,-0.132353524396502,-0.148704902106852,-2.033535881670656
CTA,T>C,-0.231695015688232,-0.436667530031229,-2.210603118711597
CTA,T>G,-0.0188494429138717,-0.0967430711938883,0.023344310760367484
CTC,T>A,-0.116283363432943,-0.136097190235202,-2.2851562330742987
CTC,T>C,-0.111300012726006,-0.0121432904653424,-1.7644512764743172
CTC,T>G,-0.0319026612878849,0.0384678226559072,-0.9641162538567348
CTG,T>A,-0.0332453923164464,-0.0879181939739077,-2.433272557103051
CTG,T>C,-0.172764874279581,-0.434414609432013,-2.188058914603241
CTG,T>G,-0.0274677265184096,-0.167524282403576,-0.09850353270876656
CTT,T>C,-0.124052242580243,-0.369672334829368,-2.433129330948372
GCA,C>A,-0.0789972618773349,-0.384292553969646,0.21212013382939768
GCA,C>G,0.0516913942725611,0.0529892845257433,1.7238920151671133
GCA,C>T,0.0447329769658679,0.0541339437598733,2.1224659356341617
GCC,C>A,-0.0429271820727586,-0.416384232679831,-2.686773096528308
GCC,C>G,0.0345965555365434,0.0510148047502127,0.19292551239583286
GCC,C>T,0.02109910324695,-0.122891627730085,1.5367612564718263
GCG,C>A,-0.0880881304744635,-0.565378838745949,-1.1940106199666736
GCG,C>G,0.0303426840057191,0.0003090160530697,0.9465165714639593
GCG,C>T,0.121937172039118,0.0281166406988828,1.461699349532107
GCT,C>T,-0.138275392999906,-0.229139766281063,2.1399899280259675
GTA,T>A,-0.166228101244725,-0.460628648498796,0.6782220899355093
GTA,T>C,-0.2253334456232,-0.681666802311046,-1.297233244073632
GTA,T>G,-0.10031488519676,-0.209965862987989,1.5664721209231727
GTC,T>A,-0.113750293967523,-0.264028640151659,-0.5770459865375392
GTC,T>C,-0.207452054423443,-0.395647703957976,-1.5978091441017552
GTC,T>G,0.0065258407166534,0.148370228055911,1.0269283274070315
GTG,T>A,-0.0729257374163324,-0.34083289833078,-1.0190316145880145
GTG,T>C,-0.193056481998052,-0.521704025493236,-1.1639088132424054
GTG,T>G,-0.0538169109185766,-0.233960583703901,-0.21911290596656038
GTT,T>C,-0.257487502826223,-0.695825131591979,-1.3734607144133726
TCA,C>A,0.0352498250059779,-0.0682385166373847,-1.1739308385293947
TCA,C>G,0.170218320826265,0.354304390180807,1.520943597724375
TCA,C>T,0.22281587229317,0.32408833262529,1.3474365301062075
TCC,C>A,0.0123548919660059,-0.0728859541444087,-2.046842065943588
TCC,C>G,0.195605998387444,0.46784282304859,-0.062463649246311474
TCC,C>T,0.24050956599661,0.205027111612298,1.1957537789460522
TCG,C>A,-0.0212445622787191,-0.212112341923919,-1.5741177223781257
TCG,C>G,0.0828803309281004,0.237392375061479,1.090909385270307
TCG,C>T,0.237715069105182,0.108649952696883,0.18035642900025467
TCT,C>T,0.292315400173161,0.271689074529741,1.5869673477932935
TTA,T>A,0.0524840752199843,-0.0536693334208911,-1.4721413836813735
TTA,T>C,-0.179009897159096,-0.411317449016573,-2.045098731773334
TTA,T>G,0.094764787899424,0.0754552641305337,0.25665969846585546
TTC,T>A,-0.0416233228084335,-0.0668801224098175,-2.214594859612045
TTC,T>C,-0.0745843539001844,-0.135315928004996,-2.3331169942978196
TTC,T>G,0.02180345040029,0.161241970951194,-0.8205507486629126
TTG,T>A,0.0190625486547373,0.0527120530167414,-1.638884086098796
TTG,T>C,-0.128221100367657,-0.376438904779305,-2.2378689530145586
TTG,T>G,-0.0158913825383171,-0.0094255478617066,0.43006868456724273
TTT,T>C,-0.154468976924332,-0.430283696856654,-2.3484662973758437
