,Subs1,Subs2,rho,pvalue
17583,T[A>T]A,T[T>A]A,0.45762124520059405,1.4068194207950453e-51
9183,C[A>T]A,C[T>A]A,0.4394789164879278,2.928754079844257e-47
12352,C[G>T]G,C[T>G]G,0.43240625263968324,1.204030629362416e-45
17660,T[A>T]G,T[T>A]G,0.4306674793407638,2.962097025081242e-45
14535,G[A>T]A,G[T>A]A,0.420851255005834,4.329564250560693e-43
18256,T[G>T]G,T[T>G]G,0.417403330180325,2.398910614382097e-42
3122,A[C>G]C,A[G>C]C,0.40986223905143965,9.471020203386177e-41
9452,C[A>T]G,C[T>A]G,0.4070139039657294,3.705251680897999e-40
16456,G[G>T]G,G[T>G]G,0.40129620460099574,5.505903017962473e-39
1892,A[A>T]G,A[T>A]G,0.39547013914706985,8.160658915153021e-38
10974,C[C>T]G,C[T>C]G,0.38676318822105465,4.154173740821949e-36
7894,A[T>G]G,T[T>G]G,0.3843254241409955,1.222407139199699e-35
18030,T[C>T]G,T[T>C]G,0.3840825897308529,1.360477355137762e-35
4949,A[G>A]T,T[G>A]T,0.3837242991159673,1.5929133310070952e-35
9318,C[A>T]C,C[T>A]C,0.3766737593023419,3.4115026478890296e-34
5944,A[G>T]G,A[T>G]G,0.3745546711422443,8.44414503853023e-34
18062,T[G>A]A,T[G>A]T,0.3721408462157415,2.3516115228290612e-33
16394,G[G>T]C,G[T>G]C,0.37098617150296104,3.826618343709497e-33
9039,C[A>G]T,C[G>A]T,0.369991954051634,5.810243603079124e-33
15830,G[G>A]A,T[G>A]T,0.36715818283993484,1.8953887051449358e-32
8902,C[A>G]G,C[G>A]G,0.3653111523390015,4.0704370646768175e-32
17778,T[C>A]G,T[C>G]G,0.36344826671638186,8.754717818778774e-32
1527,A[A>T]A,A[T>A]A,0.36230882791115293,1.3950765738482946e-31
18055,T[C>T]T,T[T>C]T,0.3609951647785067,2.3816643686440578e-31
10472,C[C>G]G,C[G>C]G,0.36050267994594026,2.908590731188905e-31
4900,A[G>A]T,G[G>A]G,0.3601154366343626,3.4027395697684336e-31
11291,C[G>A]A,T[G>A]A,0.3581315936423904,7.5765061628261635e-31
13678,C[T>G]G,T[T>G]G,0.35480281844481254,2.866038451783179e-30
5627,A[G>T]A,A[T>G]A,0.35350789269531263,4.788524201729828e-30
760,A[A>G]A,A[A>G]T,0.3531013361174062,5.623106685070606e-30
17977,T[C>T]A,T[T>C]A,0.3521900043215566,8.054011453601076e-30
16369,G[G>T]A,T[G>T]G,0.3512018927334573,1.1874547117177853e-29
18004,T[C>T]C,T[T>C]C,0.35037652359206617,1.6405642746055536e-29
16331,G[G>T]A,G[T>G]A,0.35029183440963285,1.6957948152393106e-29
7798,A[T>G]G,C[T>G]G,0.34591009950987095,9.277048075983915e-29
5786,A[G>T]C,A[T>G]C,0.3436546318810848,2.2017236603969365e-28
10729,C[C>T]A,C[T>C]A,0.34172078132226213,4.593544147030913e-28
11433,C[G>A]G,C[G>A]T,0.3411567486391675,5.686919239762557e-28
11198,C[G>A]A,C[G>A]T,0.34039086673872543,7.5942602968629555e-28
11644,C[G>A]T,T[G>A]G,0.3401368173464481,8.35743864643491e-28
15829,G[G>A]A,T[G>A]G,0.3398875386135948,9.179994103492521e-28
12436,C[G>T]G,T[G>T]G,0.337925386584716,1.916254369501197e-27
4451,A[G>A]A,T[G>A]A,0.33720079679632714,2.5113055701808457e-27
11293,C[G>A]A,T[G>A]G,0.3356881199519579,4.4063440061760385e-27
10257,C[C>G]A,G[C>G]G,0.3352196450419542,5.24113139529538e-27
14260,G[A>G]C,G[G>A]C,0.33505421385485157,5.57186937415366e-27
8051,C[A>C]A,C[C>A]A,0.3340637130724844,8.031233781834462e-27
3159,A[C>G]C,C[C>G]G,0.334042186773081,8.095181339962883e-27
16037,G[G>A]T,T[G>A]T,0.3325076192552763,1.4225262211956143e-26
11645,C[G>A]T,T[G>A]T,0.32846041306241974,6.196337982969969e-26
4850,A[G>A]T,C[G>A]A,0.32842005342794367,6.287236540119153e-26
18227,T[G>T]A,T[T>G]A,0.32635481339360456,1.3207881647025334e-25
15344,G[C>G]G,G[G>C]G,0.326208512012846,1.3917970353412616e-25
853,A[A>G]A,G[A>G]A,0.326088709072443,1.4527475997122119e-25
14708,G[A>T]G,G[T>A]G,0.3259647256190024,1.5186062743492157e-25
4454,A[G>A]A,T[G>A]T,0.32283742940822435,4.615065898624664e-25
3649,A[C>T]A,A[T>C]A,0.32282437621332033,4.6364006750832345e-25
4686,A[G>A]G,C[G>A]A,0.3220352597698682,6.124784925461439e-25
11528,C[G>A]G,T[G>A]G,0.3218300660090272,6.583733247974735e-25
11243,C[G>A]A,G[G>A]A,0.3202070840064823,1.163671064869984e-24
9693,C[C>A]A,C[C>G]A,0.31992950825542266,1.2822831520355725e-24
1408,A[A>G]T,G[A>G]A,0.31944308955688827,1.5196611668771903e-24
15968,G[G>A]G,T[G>A]G,0.31930668856922745,1.5937012520111701e-24
4355,A[G>A]A,C[G>A]A,0.31777634043470504,2.713146458856709e-24
14439,G[A>G]T,G[G>A]T,0.3176951860950755,2.7905467888246665e-24
10852,C[C>T]C,C[T>C]C,0.3171730245466248,3.34348822829889e-24
3288,A[C>G]G,A[C>T]G,0.31676037282645847,3.855979808808033e-24
15505,G[C>T]A,G[T>C]A,0.31551977120148256,5.9122503496681e-24
4898,A[G>A]T,G[G>A]A,0.3152686870856732,6.444858139582194e-24
14197,G[A>G]A,T[A>G]A,0.313850188168721,1.047549272282334e-23
10209,C[C>G]A,C[C>G]G,0.3137494525082149,1.0842080368097351e-23
12981,C[T>C]A,C[T>C]G,0.31340517572631094,1.2193329111306888e-23
15781,G[G>A]A,G[G>A]G,0.3131590508169207,1.3260142898198043e-23
12388,C[G>T]G,G[G>T]G,0.31293297056789915,1.4321132290153617e-23
16492,G[G>T]G,T[G>T]G,0.3107367852903797,3.0144802820603603e-23
4403,A[G>A]A,G[G>A]A,0.3103126250974824,3.4779814743916436e-23
4948,A[G>A]T,T[G>A]G,0.31009199701419543,3.7462473297866053e-23
13280,C[T>C]G,T[T>C]G,0.30997764774732894,3.893233611090708e-23
11597,C[G>A]T,G[G>A]T,0.309621498888974,4.3885431099777626e-23
3296,A[C>G]G,A[G>C]G,0.30930301415464473,4.883932867563793e-23
4310,A[G>A]A,A[G>A]T,0.3071179634845589,1.0137117367612501e-22
3990,A[C>T]G,A[T>C]G,0.3069805491443015,1.0611332083008818e-22
4734,A[G>A]G,G[G>A]A,0.30654911544238167,1.2247306225752888e-22
4901,A[G>A]T,G[G>A]T,0.30632425737096686,1.3196358605379536e-22
15187,G[C>G]A,G[G>C]A,0.30565978722855974,1.6446495719266e-22
5711,A[G>T]A,G[G>T]A,0.3053213425702805,1.8394246195731346e-22
12386,C[G>T]G,G[G>T]A,0.3049316109913723,2.0920767187311225e-22
5980,A[G>T]G,C[G>T]G,0.3045894840419532,2.341941584990898e-22
15827,G[G>A]A,T[G>A]A,0.30448230183464414,2.4261240243618274e-22
17059,G[T>G]A,T[T>G]G,0.30333090834923226,3.5421414661857775e-22
12131,C[G>T]A,C[T>G]A,0.30332646909666244,3.5473018743154195e-22
1176,A[A>G]G,C[A>G]A,0.30327823816543564,3.603848946493384e-22
3158,A[C>G]C,C[C>G]C,0.3031684461410869,3.7359146095907136e-22
10346,C[C>G]C,C[G>C]C,0.3027744771171766,4.25038899746045e-22
16036,G[G>A]T,T[G>A]G,0.30162259715580714,6.190991999105537e-22
2008,A[A>T]G,T[A>T]G,0.3011983844635261,7.107663335081245e-22
11594,C[G>A]T,G[G>A]A,0.3010633662631028,7.426635867106779e-22
202,A[A>C]C,A[C>A]C,0.3007600944170108,8.195567201353302e-22
14531,G[A>T]A,G[G>T]A,0.30053876963947257,8.805872964105332e-22
