Class,Species,Spectra,Spectra-masked,Observed,Expected
Actinopteri,Abbottina_rivularis,0.3369304772083733,0.697864030940466,0.5534469735115911,0.9961778390704435
Actinopteri,Acanthopagrus_latus,0.09494016503680723,0.8780429143283494,0.23983201710664673,0.9993644301999185
Actinopteri,Acheilognathus_macropterus,0.36700863539803685,0.36700863539803685,0.6260641257007261,0.9968241944227211
Actinopteri,Acheilognathus_rhombeus,0.4557330346418479,0.4585858267802346,0.6094005996277805,0.9963154310207887
Actinopteri,Acipenser_gueldenstaedtii,0.6997441569519665,0.6997441569519665,0.8509918896008841,0.9979789916857319
Actinopteri,Acipenser_stellatus,0.28223244072109005,0.6174470247420348,0.40079599309010977,0.9985018577237968
Actinopteri,Agonostomus_monticola,0.321751823337665,0.321751823337665,0.5471260706982364,0.9956290196903793
Actinopteri,Alburnus_alburnus,0.6522320308161289,0.8426055859999104,0.7131557746633949,0.9987571153234827
Actinopteri,Anarhichas_lupus,0.47419572885439015,0.8053585915889695,0.2792443114463021,0.9993363992561214
Actinopteri,Anguilla_anguilla,0.6755210344909236,0.8562613877757871,0.7726125195095686,0.9990553334382768
Actinopteri,Anguilla_japonica,0.6306599425628223,0.6354778981070026,0.5335186205086753,0.9996884026723082
Actinopteri,Anguilla_luzonensis,0.8840942669438584,0.8970520738353434,0.8335295449776386,0.999179206918803
Actinopteri,Anguilla_marmorata,0.8688842744321511,0.8743553811678094,0.8690303018265099,0.9996391600488654
Actinopteri,Anguilla_rostrata,0.09778616388387577,0.86467223652271,0.5508519891134112,0.9980758466115263
Actinopteri,Auxis_rochei,0.2678601973128707,0.5070808419168432,0.8407169891052159,0.9964719750755701
Actinopteri,Auxis_thazard,0.3958151915607925,0.39714360824318223,0.7346625736931801,0.9988892351800226
Actinopteri,Barbatula_barbatula,0.7355229009786567,0.8345622063184579,0.8998493759318615,0.9895663517635533
Actinopteri,Barbatula_toni,0.4279965556083541,0.686364727363196,0.5852590008046292,0.9854148976906978
Actinopteri,Boleophthalmus_pectinirostris,0.6064155624054294,0.8463667884244507,0.9307135282716997,0.998973377743802
Actinopteri,Boreogadus_saida,0.7779295749148372,0.9937073277279137,0.4649902197875632,0.9993243957152127
Actinopteri,Campostoma_anomalum,0.6078728931393382,0.6078728931393382,0.6889280689461492,0.9842493850227669
Actinopteri,Carassius_gibelio,0.5654417408916664,0.8532668886547685,0.8813036755233894,0.998454068876764
Actinopteri,Carpiodes_carpio,0.8867409803935863,0.8915093107900824,0.8934060122301019,0.9986770348359649
Actinopteri,Carpiodes_cyprinus,0.686415953050288,0.686415953050288,0.8181452155174066,0.9982895246171846
Actinopteri,Catostomus_commersonii,0.7789717037634777,0.7912637375330619,0.8277582515605882,0.9992591633076031
Actinopteri,Clupea_harengus,0.7249986789042018,0.7249986789042018,0.8692065799335635,0.9978813320437009
Actinopteri,Clupea_pallasii,0.6143792710562228,0.9177557922784719,0.94237170781984,0.9991725786393095
Actinopteri,Cobitis_sinensis,0.4661150973762969,0.6723549374157493,0.7181451102085954,0.9826910417637483
Actinopteri,Coilia_mystus,0.2645620301284087,0.4703446175959514,0.45822112038310325,0.9963667639207676
Actinopteri,Comephorus_dybowskii,0.5626298117360886,0.6255843524798443,0.8657851203791792,0.9996804220209582
Actinopteri,Coregonus_lavaretus,0.8252879069673169,0.8261813964156249,0.7547855644060347,0.9995372532843109
Actinopteri,Coreoleuciscus_splendidus,0.34347227355989196,0.6355696819783149,0.835546437886738,0.9890946384036022
Actinopteri,Cyprinodon_variegatus,0.714210042541004,0.7148351960270576,0.6692612967213443,0.9975899579797692
Actinopteri,Cyprinus_carpio,0.16336981928132904,0.5365326621134279,0.7424425182972314,0.9991393274979691
Actinopteri,Danio_rerio,0.7171900415006703,0.7831107750151399,0.8634728481668498,0.995632471917476
Actinopteri,Diplomystes_nahuelbutaensis,0.22096900376414394,0.48165154022165785,0.7743073981458906,0.9978304343363086
Actinopteri,Diptychus_maculatus,0.6427158043903682,0.6498899351664762,0.7886971586520422,0.9947607824778887
Actinopteri,Elassoma_zonatum,0.7791291157501179,0.7989275290994683,0.9238093238678495,0.9827880640556457
Actinopteri,Eleutheronema_tetradactylum,0.611944078114678,0.6574609946639668,0.48668478246928926,0.9799262489937055
Actinopteri,Engraulis_encrasicolus,0.23912229291935178,0.6918652315184406,0.7651577319393597,0.994555014914571
Actinopteri,Epinephelus_fuscoguttatus,0.7142262332728603,0.7153128498173297,0.7895896709664568,0.9964839127326767
Actinopteri,Esox_lucius,0.6651023243350676,0.666578271150851,0.7163720603350422,0.9982074824848316
Actinopteri,Etheostoma_caeruleum,0.633590692580382,0.7474852540067902,0.8102333913293919,0.9951083798894323
Actinopteri,Euchiloglanis_kishinouyei,0.1388896448698855,0.20740337563130298,0.696666858499886,0.9815010588483217
Actinopteri,Exocoetus_volitans,0.4804546996323515,0.7697405152343338,0.9619265858061739,0.9697103944793142
Actinopteri,Fundulus_notatus,0.6803122718287007,0.7956145760218105,0.833406507125128,0.9957865528576207
Actinopteri,Fundulus_olivaceus,0.8409114745370111,0.9195279528819965,0.9431897507507706,0.99861886383805
Actinopteri,Gadus_chalcogrammus,0.48202319198600063,0.8632329738364082,0.8259124187474952,0.9984614916546468
Actinopteri,Gadus_morhua,0.21716542035812783,0.8877363962382614,0.7705096662988709,0.9998314688170087
Actinopteri,Galaxias_truttaceus,0.8134613563984501,0.8772496637581438,0.8961587704441729,0.9990483077172816
Actinopteri,Garra_orientalis,0.6602281011139668,0.6608575747301084,0.7549437041022083,0.999283444206758
Actinopteri,Gobiobotia_macrocephala,0.7505488660201244,0.7544337291118121,0.9053039162983205,0.9983521128065296
Actinopteri,Gobiobotia_naktongensis,0.6184503544713272,0.6184503544713272,0.8436147795856062,0.998408252695441
Actinopteri,Gymnocypris_eckloni,0.4699829910984718,0.6877950455935985,0.6558238474174075,0.9942083625934851
Actinopteri,Gymnocypris_przewalskii,0.4926282311014256,0.5019322968945449,0.8180881535116851,0.9996842722076281
Actinopteri,Gymnocypris_waddellii,0.522262356832165,0.5786797020171583,0.6576644532179832,0.9714949287278973
Actinopteri,Gymnodiptychus_dybowskii,0.3146956856590239,0.6176596815772797,0.7168014563139071,0.9952469044117765
Actinopteri,Hemibagrus_guttatus,0.008912195129498012,0.33340662399274135,0.8015453307416269,0.997383553275516
Actinopteri,Hemibagrus_macropterus,0.35746965387929064,0.5834870449311561,0.7338687521831022,0.9978805706081444
Actinopteri,Hemiculter_leucisculus,0.8249666211852553,0.8386453301664529,0.7525726911646071,0.998535731417331
Actinopteri,Herzensteinia_microcephalus,0.5819680512835561,0.5831479895995589,0.6566531081044403,0.9987648522490923
Actinopteri,Hippocampus_kuda,0.5088076000214079,0.6758007758931791,0.7191088459101028,0.9979231642606708
Actinopteri,Homatula_variegata,0.0,,0.0,0.9896920557305928
Actinopteri,Hypomesus_olidus,0.5286589717798721,0.5777594432063763,0.5418772828887268,0.9508974343575031
Actinopteri,Hypophthalmichthys_molitrix,0.5156566403994143,0.6452726971397393,0.6385064476210255,0.9913406192454314
Actinopteri,Hypseleotris_klunzingeri,0.5907039976937845,0.7330506325881105,0.8505408325704561,0.9968899138285158
Actinopteri,Ictalurus_punctatus,0.48258301194186537,0.5532855894200179,0.5054983794774552,0.998058664868727
Actinopteri,Ictiobus_bubalus,0.8521383398949437,0.8572988299739069,0.842530847555896,0.9994276998150186
Actinopteri,Istiophorus_platypterus,0.35070629109159085,0.43450230969797526,0.26924998013319873,0.9989689865188454
Actinopteri,Katsuwonus_pelamis,0.597115336305822,0.9482610956465614,0.9641289837582195,0.9986439663320854
Actinopteri,Labeo_gonius,0.4206264559714827,0.7083379589092013,0.7845927949020636,0.9993847132434451
Actinopteri,Larimichthys_crocea,0.5271370729144265,0.5271370729144265,0.8453706194437093,0.9994969886902796
Actinopteri,Larimichthys_polyactis,0.9140722197115512,0.9149077725535688,0.9367559012255776,0.9981996278274724
Actinopteri,Liobagrus_mediadiposalis,0.20239258877631341,0.2624887035674161,0.5868069356255355,0.9938293081070138
Actinopteri,Lutjanus_argentimaculatus,0.30018853217456015,0.6666320625169101,0.49280113227662314,0.9794955251847351
Actinopteri,Mastacembelus_armatus,0.5827533688995865,0.6053860442513022,0.6750603737318203,0.994820725917348
Actinopteri,Megalobrama_terminalis,0.4781476128163078,0.48527234949011816,0.46350699610445134,0.9800360327998607
Actinopteri,Micromesistius_poutassou,0.10019175466614977,0.31897336524749204,0.5605818167043924,0.9990257241345677
Actinopteri,Microphysogobio_alticorpus,0.19401730663996275,0.5735580317739079,0.8190180196641803,0.9990863906604701
Actinopteri,Microphysogobio_brevirostris,0.48182006921898757,0.8108643286714902,0.8036801192188426,0.9976164508573722
Actinopteri,Micropterus_dolomieu,0.805137076660896,0.8101385207489816,0.8142511671492645,0.9993610486762518
Actinopteri,Micropterus_floridanus,0.7040344964309136,0.7040344964309136,0.9116924940009367,0.9990666676267064
Actinopteri,Micropterus_salmoides,0.5021003955015964,0.5162063150392783,0.7836386654744333,0.9991083351746957
Actinopteri,Minytrema_melanops,0.2598486341691907,0.26291654526742625,0.4972619873489134,0.9967629704097207
Actinopteri,Misgurnus_anguillicaudatus,0.4448640924785685,0.752568619926855,0.8672028518830744,0.973393459027803
Actinopteri,Misgurnus_bipartitus,0.3896401550178705,0.5381037433440118,0.4680322508907914,0.9982395284785096
Actinopteri,Monopterus_albus,0.43736715799604386,0.4374207521804765,0.8625563133279526,0.997066851086218
Actinopteri,Mugil_cephalus,0.5548444875905596,0.6128654317377884,0.7183790641784704,0.9920006267418529
Actinopteri,Neogobius_melanostomus,0.04304488559406127,0.5142493610579988,0.35468029403399937,0.9013301660488812
Actinopteri,Neosalanx_taihuensis,0.426464858976982,0.6281236749851792,0.7917145531049795,0.9978261629026234
Actinopteri,Oncorhynchus_kisutch,0.16394015031586762,0.6360293689364912,0.656798096151258,0.9993558004312889
Actinopteri,Oncorhynchus_mykiss,0.3811134666807397,0.4607493632722583,0.6008511695809128,0.9989994239057552
Actinopteri,Oncorhynchus_nerka,0.670635504341507,0.6781491135879127,0.8646933624081252,0.9989749916377647
Actinopteri,Opsariichthys_bidens,0.4429813064151349,0.716569131754126,0.8744655702565441,0.9903249849001101
Actinopteri,Opsariichthys_uncirostris,0.7856251243393185,0.8118316293904718,0.8859950825336376,0.9853014169328639
Actinopteri,Oryzias_latipes,0.8519441695201254,0.854454001630785,0.9391600562816309,0.9915093088968275
Actinopteri,Osmerus_mordax,0.03528719314700331,0.5322542309662681,0.6944342474404251,0.9738228106660815
Actinopteri,Osteochilus_salsburyi,0.01768473688254038,0.5362426788453257,0.6933980241311803,0.9987536941475272
Actinopteri,Pampus_argenteus,0.4600666326159937,0.8458330343561913,0.7671357821865462,0.9934309251202001
Actinopteri,Paramisgurnus_dabryanus,0.5774201064982565,0.6110666107003868,0.7245741515093012,0.9919631828368958
Actinopteri,Perccottus_glenii,0.47517289909171473,0.8105780054270133,0.9151098579250624,0.9902340271844196
Actinopteri,Percina_evides,0.5690325102785405,0.5884227604754886,0.664707329652222,0.9982824662562906
Actinopteri,Petrocephalus_microphthalmus,0.5094244269970649,0.5129720362800316,0.5375843712594703,0.9981956139794484
Actinopteri,Phoxinus_phoxinus,0.500776246478516,0.5127089618501759,0.6825512611281765,0.9778353419667879
Actinopteri,Poecilia_mexicana,0.687235371345779,0.6875967973866418,0.8046429102030446,0.9947237194605392
Actinopteri,Proterorhinus_semilunaris,0.5153916524085433,0.5164957841170453,0.8148882710192784,0.9982797498865483
Actinopteri,Pseudogobio_esocinus,0.6508686826337111,0.8064683613277147,0.8814572914275786,0.9950367430439995
Actinopteri,Pseudogobio_vaillanti,0.7224331323357445,0.7756284490322214,0.7693555710010178,0.9885534772462329
Actinopteri,Pseudopungtungia_nigra,0.88628433715357,0.9516097600192189,0.8346484644130538,0.9987867870993685
Actinopteri,Pseudopungtungia_tenuicorpus,0.6184079383892406,0.6184079383892406,0.8919423482282076,0.9993526310897025
Actinopteri,Pseudorasbora_parva,0.7585524865194807,0.7890551427103198,0.8287227722088448,0.9963205799808037
Actinopteri,Ptychidio_jordani,0.6705953514044344,0.7822741574210537,0.7140909037719427,0.9995640952291841
Actinopteri,Pungitius_laevis,0.6563168613370319,0.6822539421526095,0.8560210683982741,0.9896262116977685
Actinopteri,Pungitius_pungitius,0.7042013447160891,0.7057989316655386,0.8893507467330025,0.9952266343936792
Actinopteri,Pungitius_sinensis,0.6767063872761331,0.6770809174432904,0.7591965981248593,0.9977407034408272
Actinopteri,Rhinogobius_brunneus,0.3570132171055281,0.45595402960603154,0.7268472207678137,0.99493629172194
Actinopteri,Rhodeus_notatus,0.5508228221530821,0.5599220247807773,0.6536378608763588,0.9974682351131801
Actinopteri,Rhodeus_ocellatus,0.5059182330242932,0.6426054046201549,0.709676606801214,0.9849418987424896
Actinopteri,Rhodeus_sinensis,0.5075036693035371,0.5137761321758701,0.5435768715549644,0.9507528495501436
Actinopteri,Salangichthys_microdon,0.46847046172939444,0.657173014974496,0.7563713879997962,0.9976515527626049
Actinopteri,Salanx_ariakensis,0.6320411616672306,0.7567908862884067,0.7812330788527088,0.995550413420256
Actinopteri,Salmo_trutta,0.9227915826645446,0.9622772859121209,0.8664758068365558,0.9995751843399526
Actinopteri,Salvelinus_alpinus,0.1651972147397451,0.43809952667291513,0.36343038350682794,0.9990940586401501
Actinopteri,Salvelinus_malma,0.45595162261224537,0.7117197388103298,0.8153697923042188,0.991982383319697
Actinopteri,Sarcocheilichthys_nigripinnis,0.5821780584469738,0.876214054096718,0.8918770504857233,0.9966520565563275
Actinopteri,Sarcocheilichthys_sinensis,0.5952941792827106,0.7766807582439375,0.6857051065271806,0.998715571526008
Actinopteri,Schismatogobius_ampluvinculus,0.8656225079446063,0.8673792876241142,0.8652833007148756,0.9988057127914086
Actinopteri,Schizopygopsis_pylzovi,0.2398256078154666,0.6416110305142185,0.8374295791162525,0.9992941674146919
Actinopteri,Schizopygopsis_stoliczkai,0.6899391116148169,0.701208475995705,0.7642247247124438,0.9992507350442796
Actinopteri,Schizothorax_kozlovi,0.07689996675254378,0.7990935755684022,0.5214513676386724,0.9985426446824435
Actinopteri,Schizothorax_prenanti,0.5220228420424864,0.7439092579788233,0.77340286128221,0.9991475044635106
Actinopteri,Schizothorax_waltoni,0.5653887726069123,0.5785388273776932,0.5165567859145717,0.9993763969756377
Actinopteri,Scleropages_formosus,0.4039434040725753,0.8252696600153203,0.49644037058879803,0.9941695789817272
Actinopteri,Scomber_australasicus,0.6867034652365517,0.6912515026727278,0.7610359064931012,0.9990380738446782
Actinopteri,Scomber_colias,0.5112316968579765,0.8881895862238639,0.8814155043548777,0.9993709602720977
Actinopteri,Scomber_japonicus,0.7178857998523561,0.8697562807401359,0.9196388035490634,0.9990110695168807
Actinopteri,Scombrops_gilberti,0.5386788846646343,0.5480050687678616,0.834164851989141,0.9990370002320151
Actinopteri,Sebastiscus_marmoratus,0.20763904692653817,0.8475793954492684,0.2980719247533827,0.9992418693843349
Actinopteri,Seriola_rivoliana,0.3402245820730457,0.6067686962695931,0.4625867745931699,0.9975285915355554
Actinopteri,Siganus_canaliculatus,0.46317929705574395,0.4660320875405265,0.6403295733819617,0.9987583755483463
Actinopteri,Silurus_asotus,0.5830675872336696,0.6003190345680967,0.6502797759344422,0.9802533754214411
Actinopteri,Siniperca_chuatsi,0.3386929606576398,0.34628571757892795,0.6282185637559461,0.9989896911790266
Actinopteri,Siniperca_knerii,0.09375434999255518,0.4634627991812814,0.4093528618996599,0.997584984802967
Actinopteri,Siniperca_scherzeri,0.4027064877868395,0.5462786584272877,0.7699557868025443,0.9944148003545071
Actinopteri,Squalidus_argentatus,0.6041730930858819,0.6835304114181442,0.8177870018592975,0.9923386846431996
Actinopteri,Takifugu_rubripes,0.08176519116585626,0.9646283305761134,0.3531194787328019,0.9988614554757548
Actinopteri,Tanakia_koreensis,0.48314034252927496,0.4964664207815043,0.7106318326241647,0.9962060708501574
Actinopteri,Tanakia_lanceolata,0.13718705264172198,0.40753782675266076,0.5742937608117625,0.9941989638513352
Actinopteri,Tanichthys_albonubes,0.6851223579780465,0.7029324259776615,0.6611980880499096,0.9962184066080327
Actinopteri,Terapon_jarbua,0.776799837353983,0.7797529549771587,0.8162145663689655,0.9994681533862095
Actinopteri,Thunnus_alalunga,0.8441461994525304,0.9143770711145751,0.7581950021352253,0.9995269933811298
Actinopteri,Thunnus_orientalis,0.39701924537829675,0.5078245398250645,0.37643028088629327,0.9506232202508554
Actinopteri,Thunnus_tonggol,0.1727316019989324,0.5616651520514228,0.3673629045457983,0.9957981915886014
Actinopteri,Thymallus_arcticus,0.14146415023490022,0.5085229820485212,0.44624571263490004,0.9987996583581954
Actinopteri,Tinca_tinca,0.2107275786516442,0.28574166411046575,0.48352855947041445,0.9971325307103749
Actinopteri,Trachidermus_fasciatus,0.23187722768386584,0.7972714492077405,0.9074465902521772,0.998500763069744
Actinopteri,Trachurus_trachurus,0.38126763087904497,0.38126763087904497,0.5820960944217433,0.9994334075032194
Actinopteri,Tribolodon_brandtii,0.8761111842778225,0.883874202938643,0.7843653525968511,0.9968367788906456
Actinopteri,Trichiurus_japonicus,0.4624596079382074,0.8967847323590916,0.9232588097134984,0.9987763035132738
Actinopteri,Triplophysa_bleekeri,0.7474601129088201,0.7485079583042917,0.6633941100160571,0.9940219392720564
Actinopteri,Triplophysa_stenura,0.6621398760062983,0.704259927296684,0.841295261652017,0.9958086660885112
Actinopteri,Xenocypris_argentea,0.4048444159993776,0.4048444159993776,0.6327796548857307,0.999255400950115
Actinopteri,Xiphophorus_hellerii,0.23446474911563628,0.8743407835674993,0.6127268277708138,0.9948870457857119
Actinopteri,Zacco_platypus,0.5793764847923033,0.6035945670195533,0.6531415863777035,0.9871126302473572
Amphibia,Ambystoma_barbouri,0.4861450821100591,0.4867810937078399,0.7259096599913244,0.9953532300533364
Amphibia,Andrias_davidianus,0.4045039695381908,0.7599448456751421,0.7598631034138037,0.9965705436612927
Amphibia,Bombina_bombina,0.7200906810250982,0.7200906810250982,0.8251163002742095,0.9973869711230995
Amphibia,Bombina_orientalis,0.22911542121609066,0.5952515810721299,0.4751583162786989,0.9861605886843072
Amphibia,Bombina_variegata,0.7504571938256307,0.7723294946500546,0.9083419269051899,0.9927848463766898
Amphibia,Echinotriton_andersoni,0.6539666344348373,0.7308792798080368,0.7816038525144202,0.9974520553444313
Amphibia,Hoplobatrachus_rugulosus,0.6801200239683183,0.695817471988704,0.7458003649483748,0.992560867593418
Amphibia,Hoplobatrachus_tigerinus,0.4615421153374862,0.4675345044554171,0.7160134993004139,0.9985529756719251
Amphibia,Hynobius_leechii,0.5041695254212588,0.8066214513856651,0.594362679751764,0.9965935437883667
Amphibia,Ichthyophis_bannanicus,0.30280997036371865,0.7720698589886499,0.7457143137032103,0.9976994019914294
Amphibia,Nanorana_parkeri,0.6517482283395635,0.6607376003534542,0.803987998153157,0.9596530288842794
Amphibia,Onychodactylus_fischeri,0.3104839104077335,0.5913989272352557,0.5940347995446912,0.9773467096600633
Amphibia,Pachytriton_brevipes,0.28999510541623236,0.3580768805280222,0.7120524295101199,0.9944146636259731
Amphibia,Pachytriton_granulosus,0.4144221900302874,0.5765257811774405,0.8045120167284415,0.997208926190871
Amphibia,Pelophylax_nigromaculatus,0.39046015088967884,0.7293107772150579,0.8965410471603275,0.9931481020331605
Amphibia,Pelophylax_plancyi,0.7306467929871547,0.8400457880033255,0.6845805422372696,0.9949548296211553
Amphibia,Salamandrella_keyserlingii,0.6757785987819226,0.7327401763754106,0.7606230043054116,0.9969751935456095
Aves,Aerodramus_fuciphagus,0.30251985684875454,0.6557582904745711,0.5868750149210163,0.9990435306702143
Aves,Alectoris_chukar,0.07865492130542281,0.7894187290448204,0.6869609718904609,0.9975841689312247
Aves,Anser_cygnoides,0.6578919924575504,0.6824072039282681,0.705766632000542,0.9978548597021557
Aves,Bambusicola_thoracicus,0.46805994978522164,0.6482162386066705,0.7251773605704959,0.9992249626001589
Aves,Calliope_calliope,0.31955523839191596,0.733629012143514,0.5594871621078278,0.9976600774095593
Aves,Cardinalis_cardinalis,0.7124515307603397,0.7124515307603397,0.8287538206512874,0.997592101552273
Aves,Copsychus_saularis,0.4439007916875873,0.4866845305771168,0.7618333341802398,0.9974651359745363
Aves,Corvus_corax,0.41868414952734906,0.46485406657365347,0.792164625503056,0.9975993190732338
Aves,Corvus_splendens,0.1995506220235141,0.9264550550643448,0.6466947935417491,0.9996647936853944
Aves,Cyanopica_cyanus,0.5344006474843448,0.5717200169130342,0.7432002220322036,0.9988378406575752
Aves,Ficedula_hyperythra,0.5275868972802905,0.6091120421745028,0.5566764960475206,0.9962623189493806
Aves,Garrulax_canorus,0.5828694300963432,0.7848732336638782,0.8370526216664629,0.9973929648203764
Aves,Garrulax_chinensis,0.11373982786769271,0.6821031051596453,0.8658745119680475,0.9988910398780833
Aves,Garrulus_glandarius,0.10966523216462638,0.35708980917446087,0.5471277102894344,0.9937116387819804
Aves,Henicorhina_leucosticta,0.20480561337215647,0.5830610806902721,0.6962451542023446,0.9951730264924689
Aves,Lanius_cristatus,0.5361419943724419,0.5893674595457307,0.4586088465615663,0.997442147071348
Aves,Larus_dominicanus,0.5887728609294272,0.8749254249375978,0.5841179724134758,0.9996181566642902
Aves,Lophura_nycthemera,0.7821123724691569,0.7821123724691569,0.8601239349388716,0.9969881823541464
Aves,Loxia_curvirostra,0.8444039661634186,0.8444039661634186,0.8322442594038305,0.9994395381123946
Aves,Passer_montanus,0.06826826203775029,0.4171918985184954,0.6299825870715675,0.9992698564930224
Aves,Phasianus_colchicus,0.8724985724498405,0.9080880868116781,0.8858973408329995,0.9988906894395744
Aves,Piaya_cayana,0.5570201983419587,0.677369748546011,0.6851921982005929,0.9986240552785338
Aves,Pica_pica,0.23694557868033664,0.8254011736003701,0.8942272079082819,0.9980052962967515
Aves,Pinicola_enucleator,0.520704574740587,0.7143555831660509,0.8468192006597052,0.9991233455067181
Aves,Pomatorhinus_ruficollis,0.7243047777846922,0.9250940466102932,0.9133388708215381,0.9984534052180154
Lepidosauria,Agkistrodon_contortrix,0.30092041333029496,0.7485304686128148,0.578415584099588,0.9976643041145826
Lepidosauria,Agkistrodon_piscivorus,0.26529763704948583,0.6648182826710648,0.6973245354802592,0.9980148718601344
Lepidosauria,Boa_constrictor,0.27481889066551796,0.6469070482382041,0.8800436381738936,0.9912315385031649
Lepidosauria,Chamaeleo_chamaeleon,0.3017115954804069,0.6532089042392599,0.674170315843121,0.9950318496071362
Lepidosauria,Conolophus_subcristatus,0.7209921927565421,0.7774965567047577,0.8071524769850048,0.9952169394696434
Lepidosauria,Gekko_gecko,0.3353930729829678,0.4831501052447659,0.7073143773797204,0.6407715194217547
Lepidosauria,Gekko_swinhonis,0.21943027333056922,0.5261761164092452,0.7050961049147451,0.9884003447870636
Lepidosauria,Gloydius_brevicaudus,0.4310938797664743,0.520755450450613,0.7114708669621616,0.9903125664142215
Lepidosauria,Lacerta_bilineata,0.44561069539244214,0.4490759211705381,0.7423330592997484,0.9829302328098602
Lepidosauria,Leiolepis_reevesii,0.29763009408785784,0.7913723072621746,0.9196867554243511,0.989324693943669
Lepidosauria,Lepidophyma_flavimaculatum,0.49834326198989964,0.5003344692356264,0.6339600009521454,0.991442462501284
Lepidosauria,Naja_atra,0.774533869231884,0.7762311502635211,0.7972126664745264,0.9994611824855186
Lepidosauria,Podarcis_muralis,0.6059694305005955,0.6181862106562248,0.851265842358438,0.9915637478594186
Lepidosauria,Protobothrops_jerdonii,0.4202487070280257,0.574682395263341,0.7706062845693028,0.9953843063049934
Lepidosauria,Protobothrops_mucrosquamatus,0.5955632375496752,0.6419927566008446,0.6682279282741964,0.9907728022477826
Lepidosauria,Sibynophis_chinensis,0.6649503256126151,0.8155426598457493,0.5723033312036903,0.9977127966327903
Lepidosauria,Trimeresurus_albolabris,0.028377793373071794,0.5313977402091089,0.5458183586939831,0.9967198082665483
Lepidosauria,Uta_stansburiana,0.7308403338813585,0.8344654161151103,0.9155231538010187,0.9941765296916756
Mammalia,Ailuropoda_melanoleuca,0.16109649355165714,0.5502625116602168,0.7076159215152743,0.9995292878631515
Mammalia,Akodon_montensis,0.38516216880032605,0.43236793022773135,0.8437326467741793,0.9945024705352472
Mammalia,Alces_alces,0.482152706337734,0.8476627124664043,0.7159289365767446,0.9995191780479431
Mammalia,Anourosorex_squamipes,0.8516137863642887,0.9157556317487515,0.9401924195537188,0.9915103587797469
Mammalia,Aotus_nancymaae,0.48114492761424205,0.524105931232045,0.7432868185627145,0.9901787515987563
Mammalia,Apodemus_chejuensis,0.3692671859577168,0.9666476784316509,0.954641296923694,0.9983642883766516
Mammalia,Apodemus_chevrieri,0.5226794221378929,0.5999611322693892,0.745208130843242,0.9982532439635821
Mammalia,Apodemus_draco,0.3716338689382127,0.7605742452287941,0.8796063580429648,0.9943657715098747
Mammalia,Apodemus_latronum,0.5276528878246978,0.6652111521118829,0.8971342605673454,0.9961498052279921
Mammalia,Apodemus_peninsulae,0.494118934854183,0.5709498486347896,0.8904187589280519,0.9961272284121665
Mammalia,Artibeus_jamaicensis,0.7404021279588964,0.910022640715378,0.9122574781560139,0.9980270427897385
Mammalia,Artibeus_lituratus,0.9369701646151486,0.9654641490755139,0.9493397044264873,0.9945605580671592
Mammalia,Avahi_laniger,0.33975090912512557,0.6991310382007669,0.6822743195312851,0.9906755844645799
Mammalia,Balaena_mysticetus,0.7955037678724934,0.7960426577992129,0.7574198240620819,0.9995805859351474
Mammalia,Blarina_brevicauda,0.6900237979237192,0.6909956758424791,0.8817046865815498,0.9943688117023056
Mammalia,Bos_grunniens,0.7016476710895136,0.7486652808746209,0.8254168718028945,0.9997128032247754
Mammalia,Bos_taurus,0.48204738833252,0.8993137089133802,0.8890991065797423,0.9993415163961338
Mammalia,Camelus_bactrianus,0.7200447816002744,0.8030198353355178,0.6900607838246933,0.9991896462836488
Mammalia,Canis_latrans,0.43067771390037113,0.9276388202077065,0.4569884032784366,0.9993581694812346
Mammalia,Canis_lupus,0.4266515680631789,0.6719653731894706,0.8050593365882587,0.9991238794887823
Mammalia,Capra_aegagrus,0.5368260608935957,0.5368260608935957,0.7041628506994176,0.9913880776003481
Mammalia,Capra_sibirica,0.1023568847797312,0.4070674944641446,0.6958302001492916,0.995620633475565
Mammalia,Capreolus_pygargus,0.7919174928271601,0.7919174928271601,0.9114423485818424,0.998842245789268
Mammalia,Carollia_perspicillata,0.6839643629320115,0.8528477446046053,0.9049843168162981,0.9970227354540498
Mammalia,Cavia_aperea,0.5751274002920854,0.580451747729184,0.742905795260921,0.996403715151377
Mammalia,Cebus_albifrons,0.2429751404355029,0.584825719636802,0.6313137229837394,0.9939283821839046
Mammalia,Cercopithecus_albogularis,0.6333569009520964,0.6929184122923924,0.6190523918083917,0.9975773145998665
Mammalia,Cervus_elaphus,0.46547268787935697,0.8944005709902487,0.9160627577495484,0.9968934166896791
Mammalia,Chlorocebus_aethiops,0.5533616857922553,0.5533616857922553,0.8079524648759016,0.9964165028717409
Mammalia,Chlorocebus_pygerythrus,0.4951363685466241,0.653111920895654,0.7425231777156995,0.9952443564771949
Mammalia,Chlorocebus_sabaeus,0.8899110096782675,0.8904739240559291,0.8549449279188186,0.9993858147124901
Mammalia,Cricetulus_kamensis,0.22087302558755237,0.44188537645512493,0.5442313235936104,0.9964515474533867
Mammalia,Crocidura_attenuata,0.5577376582176915,0.6202282123138477,0.7284769822796702,0.9932593099522053
Mammalia,Crocidura_beatus,0.6068275353266409,0.6979528106014615,0.7398445830515797,0.990861360922046
Mammalia,Crocidura_grayi,0.3700970560381086,0.7773822382579266,0.857484624474053,0.9961962627716564
Mammalia,Crocidura_shantungensis,0.6565783280076165,0.6826477251812244,0.8333548914175716,0.9970649959671217
Mammalia,Crocidura_tanakae,0.7590468798505798,0.8772665125437316,0.7664267228865549,0.999239283193012
Mammalia,Crocuta_crocuta,0.3075120361423748,0.5032966305805414,0.46623568540276855,0.9984793010139211
Mammalia,Cynomys_ludovicianus,0.7375297652687959,0.7418963558992628,0.7538232470083401,0.9975443329827323
Mammalia,Cynopterus_brachyotis,0.7170836283587572,0.7771371945324895,0.699179552588467,0.9750750285929826
Mammalia,Cynopterus_sphinx,0.5402348022375267,0.6873098810741737,0.7965835309150582,0.9970485927851698
Mammalia,Dasypus_novemcinctus,0.22651259361286633,0.28464328582091014,0.6490462005214916,0.989944981228231
Mammalia,Delphinus_delphis,0.8372840629969226,0.8381472319628546,0.9014936162189224,0.9985130232445113
Mammalia,Dremomys_rufigenis,0.3172206719206206,0.4888999401004201,0.7053880885823409,0.9736877245219968
Mammalia,Eothenomys_melanogaster,0.5764242739631369,0.6613375140150276,0.6467499379539141,0.9961395095684594
Mammalia,Eothenomys_miletus,0.3651544976779266,0.421932938203159,0.6595978038183438,0.9984488422023582
Mammalia,Episoriculus_leucops,0.29073952879310394,0.8465619058203219,0.5268495456171205,0.9983600799740884
Mammalia,Episoriculus_macrurus,0.6208723728958373,0.6498318947710248,0.6721882393996743,0.9891608273018279
Mammalia,Epomophorus_gambianus,0.7127275424907462,0.7127275424907462,0.8750098175189187,0.9977816164327626
Mammalia,Epomops_buettikoferi,0.47984761860073233,0.48266911965402626,0.8048581899225941,0.9998455056926088
Mammalia,Epomops_franqueti,0.24093287548180004,0.839550476605309,0.8911781384851442,0.9991998318983674
Mammalia,Equus_asinus,0.060600575521738496,0.7221606612095408,0.8507151070043607,0.9992347503164233
Mammalia,Equus_caballus,0.450364696653506,0.8676196217777328,0.9145030323411762,0.9997419546696272
Mammalia,Erinaceus_europaeus,0.2537323061997265,0.2829742725015872,0.4795696138422768,0.997272074367322
Mammalia,Euchoreutes_naso,0.6976394530294143,0.7060299961172537,0.752389339060779,0.9958085555723991
Mammalia,Eulemur_rubriventer,0.6303170157798359,0.8114174136422281,0.7851029674232349,0.9989422406244979
Mammalia,Eulemur_rufus,0.3518406883386433,0.35427057723243655,0.622022985443997,0.9905524697549006
Mammalia,Felis_catus,0.27587772771334124,0.48659905403297227,0.6016968363692479,0.9980548333901029
Mammalia,Felis_silvestris,0.292921364108284,0.44311498234785746,0.5719585490730585,0.9983555498144296
Mammalia,Galemys_pyrenaicus,0.8658872429517804,0.9007239493300669,0.8643245467793518,0.9986254850564836
Mammalia,Gazella_subgutturosa,0.5217471672098779,0.6384720614282944,0.6718912288588542,0.9993204637502333
Mammalia,Gerbilliscus_leucogaster,0.6410507108385021,0.790294624185959,0.8946460722641045,0.9910107698088313
Mammalia,Giraffa_camelopardalis,0.6267299749673005,0.6267299749673005,0.65246924726078,0.9993539350713555
Mammalia,Gracilinanus_agilis,0.5399840180609488,0.5698618452837686,0.8355202516433031,0.9975507497778536
Mammalia,Heterocephalus_glaber,0.40296156842750425,0.42384770258010096,0.5241433950436428,0.9925013322817141
Mammalia,Hipposideros_armiger,0.15848854415628635,0.9124095817889392,0.887874913988412,0.998669762104411
Mammalia,Hipposideros_larvatus,0.27809356393078816,0.804910607118143,0.7795721501698695,0.9941961702710498
Mammalia,Hipposideros_pomona,0.5777311925487588,0.6259339666608688,0.7118176047515309,0.9870019897487439
Mammalia,Hylobates_agilis,0.3679140582388774,0.5208392085727126,0.5818000397255321,0.9948172870517614
Mammalia,Hylobates_lar,0.24002057298517185,0.8443763903737447,0.7477689645635545,0.9988500497879623
Mammalia,Hylomys_suillus,0.22399261146653876,0.3156461344204504,0.6151345564795495,0.9805901766360298
Mammalia,Hypsignathus_monstrosus,0.7549873685266691,0.9349918053616519,0.9258250499660469,0.9989328204663527
Mammalia,Laonastes_aenigmamus,0.5576801712145141,0.6991122685728273,0.796701821406194,0.9936743004868412
Mammalia,Leopoldamys_edwardsi,0.3099759742054055,0.4574294558702964,0.8168672456260485,0.9929399984604547
Mammalia,Leptonychotes_weddellii,0.46344259579770614,0.88416910989212,0.8750180017254586,0.9986383929590333
Mammalia,Lepus_capensis,0.26821585800754494,0.40329282125918436,0.8275236717891966,0.9924077530169503
Mammalia,Lepus_coreanus,0.03449326097610928,0.16457145917691696,0.724979148507029,0.9963456167761704
Mammalia,Lepus_europaeus,0.23868435015945558,0.6675218410802415,0.7931362419794581,0.9987053065830738
Mammalia,Lepus_oiostolus,0.534850422861003,0.534850422861003,0.7498279904741437,0.9977463540066216
Mammalia,Lepus_timidus,0.6127659119933953,0.7406057060412597,0.8164376239310003,0.9987933032398758
Mammalia,Lepus_tolai,0.2488528047307425,0.7207269158033469,0.4759607166454143,0.9926111619163854
Mammalia,Lepus_yarkandensis,0.3186997328327713,0.8924515020840413,0.8808953613275002,0.9992189672808339
Mammalia,Lophostoma_silvicolum,0.2233363050717832,0.6392357870434329,0.5694936744021165,0.9949419291309194
Mammalia,Loxodonta_africana,0.29251151458326063,0.7131551205102187,0.8273695232935271,0.998196153849178
Mammalia,Loxodonta_cyclotis,0.4428980324538547,0.9298459103658144,0.9270070146137066,0.9979411492213937
Mammalia,Lutra_lutra,0.06587742598319368,0.7887217054479495,0.6265729565563202,0.9979588186189559
Mammalia,Macaca_fascicularis,0.3448788931360034,0.8899794869087249,0.8851101918783234,0.9940107815103959
Mammalia,Macaca_mulatta,0.5042767523264922,0.7353995492018245,0.46191123284526064,0.9936634380767562
Mammalia,Macaca_tonkeana,0.08589737583870957,0.2972217140703748,0.4438164665191331,0.9952126465918651
Mammalia,Marmota_himalayana,0.5186263904802212,0.7488818674590073,0.3188808252094147,0.9958876955466796
Mammalia,Martes_americana,0.6907327315146711,0.7511333089797837,0.7190736470346109,0.998629857247885
Mammalia,Martes_foina,0.45421982837276537,0.4567967581471528,0.45869590138032224,0.9826354332385421
Mammalia,Martes_melampus,0.5407008254804835,0.8682317956447836,0.8784563370414109,0.9994547487993766
Mammalia,Martes_zibellina,0.24114605406555883,0.8925231740098805,0.9192330342921616,0.9962909118138122
Mammalia,Megaloglossus_woermanni,0.61841772695116,0.7971626542816816,0.816650323380901,0.9995534930193167
Mammalia,Meles_meles,0.11654690150747965,0.31144870935879826,0.658980807729614,0.9900856968110814
Mammalia,Meriones_libycus,0.19646742210705057,0.35932737262783204,0.5920598238237176,0.9952266038124891
Mammalia,Meriones_meridianus,0.7487345763345569,0.8073392993359937,0.808136976610841,0.9955672609889744
Mammalia,Meriones_tamariscinus,0.048910769658025405,0.8828050426773459,0.835798364124091,0.9961182547801349
Mammalia,Microcebus_griseorufus,0.14349169997950043,0.7367029992823972,0.8132558077632391,0.9992139069330882
Mammalia,Microcebus_lehilahytsara,0.7610851326285534,0.7748060836583666,0.8637629768475054,0.9975849882593734
Mammalia,Microcebus_murinus,0.8294626053813808,0.8719265977521761,0.8238449247428737,0.998250802002606
Mammalia,Microcebus_myoxinus,0.4942682594559776,0.4971183626838297,0.8080535979225336,0.9984917604108529
Mammalia,Micromys_minutus,0.6595574008208871,0.6944026964758254,0.8141826642801169,0.9795774153225851
Mammalia,Micronycteris_megalotis,0.647619525178395,0.6478239987290774,0.811238210381696,0.993107947883519
Mammalia,Microtus_arvalis,0.2694810763991056,0.9062262471527955,0.9271286205234558,0.9979170038410972
Mammalia,Mogera_wogura,0.6213602896632191,0.8968531972725919,0.8598133386439478,0.9890700961371789
Mammalia,Monodelphis_domestica,0.6782006443743955,0.8376123496020209,0.9039342034643554,0.994783650636437
Mammalia,Muntiacus_muntjak,0.4328500898214326,0.4502042553224339,0.6259044650966685,0.9958302683640915
Mammalia,Mus_caroli,0.26961729052270006,0.44960373060743547,0.8641961900104721,0.9971997676337153
Mammalia,Mus_cervicolor,0.3503058579739989,0.4151074876706676,0.6906643570154497,0.9873351924507845
Mammalia,Mus_musculus,0.7957844999672666,0.8846024622823719,0.8893380084598669,0.9953169258791199
Mammalia,Mustela_erminea,0.2906026263044965,0.7138404451865147,0.7251981734366977,0.9988854257623137
Mammalia,Mustela_frenata,0.45715633284672624,0.8862741147708878,0.9535284204812992,0.9974379166332059
Mammalia,Mustela_nivalis,0.8898776657387434,0.8914166166970845,0.9230506986581039,0.9992553136058578
Mammalia,Mustela_sibirica,0.7439100439979467,0.8782083224074119,0.7919329629076498,0.996870078872947
Mammalia,Myodes_rufocanus,0.19347594248624098,0.32591491309513954,0.6340918711024013,0.9894865109982678
Mammalia,Myonycteris_torquata,0.7801085822170479,0.8002600413241757,0.925042962688223,0.9989147107043427
Mammalia,Myotis_albescens,0.485896832544125,0.6939155307874153,0.7577110897293264,0.9964210051235816
Mammalia,Myotis_davidii,0.7130997741096761,0.7166451068983991,0.6657622237270633,0.9980757349570653
Mammalia,Myotis_ikonnikovi,0.7776399613752671,0.7836558315669575,0.6921900615784804,0.994749037161245
Mammalia,Myotis_lucifugus,0.5190341660110691,0.761195334892781,0.7892670759317866,0.9963120758073694
Mammalia,Myotis_macrodactylus,0.3331559747652984,0.3331559747652984,0.5148033889552223,0.9988228626402949
Mammalia,Nannospalax_ehrenbergi,0.5258582496091756,0.6129990906615674,0.7822776241709505,0.9937283161339627
Mammalia,Nanonycteris_veldkampii,0.7864588828340682,0.7877390560931905,0.7588354256604373,0.9998821833119695
Mammalia,Nectogale_elegans,0.812278856051473,0.8170893743052107,0.6951225396602216,0.9978852890252855
Mammalia,Neodon_irene,0.6695796688538564,0.8029240015871197,0.7152969048272929,0.9952089412930424
Mammalia,Neomys_fodiens,0.5159406405476822,0.7206490480323171,0.8739291063674939,0.9968622198279262
Mammalia,Neophocaena_asiaeorientalis,0.6680909010624758,0.8120644468982353,0.723371341128194,0.9994107403417402
Mammalia,Neophocaena_phocaenoides,0.610799590709773,0.610799590709773,0.8631283060713596,0.9992220410479496
Mammalia,Niviventer_andersoni,0.5909982332626726,0.6307844831659164,0.627204739528612,0.9983708978765766
Mammalia,Niviventer_confucianus,0.34913080920759515,0.5763214331096954,0.9468197204617158,0.9787411616681653
Mammalia,Niviventer_fulvescens,0.42235643801203726,0.5649290487951826,0.7989743558867467,0.9918168493015607
Mammalia,Noctilio_leporinus,0.46058214909522777,0.8703415053946855,0.8743499479810606,0.9989367224512148
Mammalia,Nomascus_gabriellae,0.6096279183417138,0.7040484964647235,0.7718834042030256,0.9987902401910027
Mammalia,Nomascus_siki,0.8074144923976808,0.8473880133167512,0.7710249669344107,0.9980712016641655
Mammalia,Nyctereutes_procyonoides,0.42660098489387827,0.45405046705412017,0.86434563254105,0.9969971345853051
Mammalia,Nycticebus_bengalensis,0.13957408631679516,0.3054531937433678,0.5803622291750106,0.9977892369679365
Mammalia,Ochotona_collaris,0.8935823289864572,0.8935823289864572,0.8398749739239251,0.9986093105520404
Mammalia,Ochotona_curzoniae,0.7743171240581174,0.7839756228559127,0.886265100540033,0.9986123654992453
Mammalia,Ochotona_hyperborea,0.6308077510356362,0.7932584417122609,0.6239585712985528,0.9789201162530713
Mammalia,Ochotona_princeps,0.7507364389741668,0.8273492947570928,0.9194735832109134,0.9936935830354482
Mammalia,Odocoileus_virginianus,0.20974900333242347,0.8717510066667438,0.8947508756072279,0.9987279109163347
Mammalia,Ornithorhynchus_anatinus,0.5422153234603235,0.5427606317262167,0.8608424789462394,0.998001744701614
Mammalia,Oryx_beisa,0.6593282333168218,0.663692349580265,0.7230082615939173,0.9976711111636909
Mammalia,Ovis_ammon,0.5353975379536928,0.827689937810363,0.8215169812489753,0.9985632304243619
Mammalia,Ovis_aries,0.7816921103540839,0.7852229031425786,0.8902268244127111,0.9998539057266004
Mammalia,Ovis_orientalis,0.7791200798975615,0.7809824925732496,0.9137749942264123,0.9991879604417454
Mammalia,Ovis_vignei,0.0961258082577078,0.6318694974144065,0.8138747998247794,0.998907086515784
Mammalia,Pan_troglodytes,0.386301570267172,0.6427416085708072,0.8838871113585594,0.9963264509629168
Mammalia,Panthera_leo,0.6200428403603635,0.6499489086151374,0.7280211646478733,0.9982160690102994
Mammalia,Panthera_pardus,0.3853015740439064,0.7172326526542226,0.8482667489325941,0.9888753373026572
Mammalia,Papio_anubis,0.6329732386718282,0.7138644193803773,0.8120338779529794,0.9975871921496904
Mammalia,Papio_cynocephalus,0.7638367231163149,0.8675151983898607,0.8134270390942258,0.9943456739853583
Mammalia,Papio_hamadryas,0.5045184595444849,0.6953972173457831,0.7792367481067782,0.997783935948313
Mammalia,Papio_ursinus,0.46806220818857,0.6509953956932503,0.7724748781821839,0.9922742203190626
Mammalia,Paradoxurus_hermaphroditus,0.27571850706491896,0.49527146766858016,0.9268492780949635,0.9836146742835407
Mammalia,Pecari_tajacu,0.8084439691623565,0.8117768574825507,0.7974646719093136,0.9898235888355013
Mammalia,Peromyscus_pectoralis,0.28909003317410453,0.33743962601453864,0.6674548472414981,0.9798804904698666
Mammalia,Peromyscus_polionotus,0.6786222116846101,0.8505407800890482,0.7559181279125818,0.9990114153560831
Mammalia,Phoca_groenlandica,0.7062188931925183,0.707358095135565,0.9051420852119914,0.9990181398190043
Mammalia,Phoca_largha,0.6004605431249147,0.6393065544828058,0.7329232227880155,0.999448935265909
Mammalia,Pipistrellus_abramus,0.6201826906461403,0.620326522633225,0.7605546349044585,0.9983541183022513
Mammalia,Plecotus_macrobullaris,0.5421726203992419,0.6931759246543855,0.7909092519680705,0.9973789578463361
Mammalia,Plecturocebus_cupreus,0.8417254691786406,0.8438041928854143,0.7911743687036823,0.9985600456585658
Mammalia,Presbytis_melalophos,0.3399013138890051,0.43439035857147057,0.6938408662661975,0.979614014028213
Mammalia,Prionailurus_viverrinus,0.6889952662602769,0.689465717203987,0.7375122711041363,0.9911298767358311
Mammalia,Procyon_lotor,0.7736990792508911,0.7785514794301498,0.7543436493208162,0.9963389446141371
Mammalia,Proechimys_cuvieri,0.5604630097135471,0.7439371897981764,0.7738997807606494,0.9938953074925787
Mammalia,Propithecus_diadema,0.6401445325658266,0.6401445325658266,0.783117546711801,0.9985820306041591
Mammalia,Pseudois_nayaur,0.7435141588663574,0.7590924086930876,0.9258268421818566,0.9982484584041575
Mammalia,Pteromys_volans,0.791013595994898,0.7938769486885461,0.9056638383150563,0.998809058490893
Mammalia,Pteronotus_parnellii,0.27381640978068156,0.5420271984713276,0.8095550444121177,0.9917922029613229
Mammalia,Pteronotus_personatus,0.5355469059160525,0.5504847231004703,0.6912683616484969,0.9805638200440643
Mammalia,Pteronotus_rubiginosus,0.6710288035090293,0.6889520682813052,0.7444700590754353,0.9857305829968369
Mammalia,Pteropus_vampyrus,0.1953419277326353,0.8816365488280463,0.643022902736728,0.9990250387589881
Mammalia,Rangifer_tarandus,0.1885009933045809,0.7839970367719353,0.9036708779325356,0.9985294251305653
Mammalia,Rattus_rattus,0.8241964036108173,0.8251120742442974,0.8811093413045343,0.9971932098218523
Mammalia,Rattus_tanezumi,0.46528516468501113,0.6643077785631065,0.8957370996755469,0.9974562983701506
Mammalia,Rattus_tiomanicus,0.0395189663433465,0.333805395291505,0.4836752544764218,0.9991570547725922
Mammalia,Reithrodontomys_mexicanus,0.43618819741073334,0.5998825744978974,0.8402270029017533,0.979381037579689
Mammalia,Rhinolophus_affinis,0.6588578019752603,0.6735059648273416,0.6909198304103509,0.9961447961824842
Mammalia,Rhinolophus_macrotis,0.8320748143644654,0.8586576146012225,0.7916333864040325,0.9975556087036941
Mammalia,Rhinolophus_pusillus,0.46924419689306507,0.866037926903755,0.9173669764978511,0.9964844809350547
Mammalia,Rhinolophus_rex,0.3619058242056662,0.516027597329362,0.5670013032862238,0.9991778019046159
Mammalia,Rousettus_aegyptiacus,0.692077600986445,0.8184136452871008,0.8877785341347357,0.9960041559171116
Mammalia,Rousettus_leschenaultii,0.8553666483060965,0.8591275558013919,0.8422992762935646,0.9993904965592298
Mammalia,Rousettus_madagascariensis,0.7855275652995709,0.8012186814956409,0.9236235646950886,0.9994424743958966
Mammalia,Sapajus_apella,0.5433106456611261,0.5447758611057865,0.8308710917022721,0.9990024514763602
Mammalia,Semnopithecus_entellus,0.4301787607000968,0.4446255975543033,0.6850189194764531,0.9950700728940503
Mammalia,Sorex_araneus,0.16590417357577358,0.8294298442756837,0.8055892527210035,0.999014314584719
Mammalia,Sorex_cylindricauda,0.6598589865431558,0.8763673590228578,0.8365402264858868,0.9982500212963491
Mammalia,Sorex_minutissimus,0.6933372595606803,0.6934006825552993,0.9218673461707076,0.9983121180415377
Mammalia,Sorex_unguiculatus,0.7392244965891884,0.7959292593596221,0.9005647474812127,0.9986741293362612
Mammalia,Stenella_coeruleoalba,0.6501841974354963,0.6691217118154055,0.6911105352780363,0.998364785616905
Mammalia,Sturnira_tildae,0.7144648189983106,0.7144648189983106,0.7827432207341926,0.998806155646888
Mammalia,Suncus_murinus,0.7265825539025074,0.739073060935531,0.783852480637483,0.996801807542882
Mammalia,Sus_scrofa,0.25097407097899027,0.8068499688239446,0.8394179155638265,0.9988232063952456
Mammalia,Symphalangus_syndactylus,0.7726636384066449,0.8316702181806417,0.8082366999827868,0.9973814650786033
Mammalia,Tamias_dorsalis,0.3164189440011818,0.5727277366858536,0.7957246131142632,0.9980880935535875
Mammalia,Tamias_sibiricus,0.6435380938642628,0.8238135665058932,0.9604762386458872,0.9909647740551504
Mammalia,Tamiops_maritimus,0.2083551569413483,0.28836112834723143,0.7145608236929044,0.9898477039573648
Mammalia,Tamiops_swinhoei,0.40846652104896486,0.41163018860436884,0.6980223965584946,0.981644776246784
Mammalia,Tarsius_dentatus,0.5064778230383079,0.6196129387376731,0.7071646473959413,0.9977444508527759
Mammalia,Thylamys_elegans,0.44170537988714376,0.4888698343835686,0.77422522718052,0.9771936299281305
Mammalia,Tonatia_saurophila,0.35647170090952546,0.396868900824651,0.4841337105555338,0.9959567808675096
Mammalia,Trachypithecus_phayrei,0.563459175183683,0.6483971886345697,0.6906342434664974,0.9964002215399258
Mammalia,Tragelaphus_scriptus,0.4128476159244173,0.4417795809575223,0.7554417305679142,0.9936556657467863
Mammalia,Tupaia_belangeri,0.33298723761057014,0.34294282741099386,0.7605844112452159,0.9785522310786393
Mammalia,Tursiops_aduncus,0.20725864806437982,0.890983247702488,0.7569588907317751,0.9981673754588288
Mammalia,Tursiops_truncatus,0.7487775846069342,0.7601083773972657,0.7984457036206432,0.9985902594533463
Mammalia,Urocitellus_parryii,0.7539475155647425,0.7956252009450848,0.7863311068148736,0.9930719322698762
Mammalia,Urocyon_cinereoargenteus,0.5106319625622088,0.7822553138763646,0.6500748969478519,0.9975665800399455
Mammalia,Uropsilus_soricipes,0.6475221536064028,0.673929676481905,0.6247177338116385,0.9982075023308666
Mammalia,Ursus_arctos,0.1898561832411541,0.6438900677632295,0.8916686425209139,0.9949424068645709
Mammalia,Ursus_thibetanus,0.36480039481775284,0.6869006735031967,0.8231585087329696,0.9986125895650099
Mammalia,Vulpes_lagopus,0.5244293910603687,0.5244293910603687,0.7089437046151987,0.9991638084520102
Mammalia,Vulpes_vulpes,0.4815970628711069,0.7783324104263644,0.9036244187236061,0.9983787064472371
