Substitution,"Lepidosauria__Ts & Tv"
A[C>A]A,0
A[C>A]C,2
A[C>A]G,0
A[C>A]T,0
C[C>A]A,8
C[C>A]C,2
C[C>A]G,1
C[C>A]T,3
G[C>A]A,3
G[C>A]C,2
G[C>A]G,1
G[C>A]T,3
T[C>A]A,3
T[C>A]C,3
T[C>A]G,1
T[C>A]T,7
A[C>G]A,1
A[C>G]C,1
A[C>G]G,1
A[C>G]T,0
C[C>G]A,2
C[C>G]C,2
C[C>G]G,0
C[C>G]T,0
G[C>G]A,2
G[C>G]C,1
G[C>G]G,0
G[C>G]T,1
T[C>G]A,2
T[C>G]C,0
T[C>G]G,0
T[C>G]T,0
A[C>T]A,21
A[C>T]C,11
A[C>T]G,3
A[C>T]T,12
C[C>T]A,18
C[C>T]C,10
C[C>T]G,2
C[C>T]T,10
G[C>T]A,14
G[C>T]C,7
G[C>T]G,3
G[C>T]T,10
T[C>T]A,22
T[C>T]C,13
T[C>T]G,2
T[C>T]T,14
A[T>A]A,1
A[T>A]C,0
A[T>A]G,1
A[T>A]T,0
C[T>A]A,1
C[T>A]C,1
C[T>A]G,2
C[T>A]T,1
G[T>A]A,1
G[T>A]C,2
G[T>A]G,2
G[T>A]T,1
T[T>A]A,4
T[T>A]C,1
T[T>A]G,2
T[T>A]T,2
A[T>C]A,12
A[T>C]C,20
A[T>C]G,7
A[T>C]T,51
C[T>C]A,8
C[T>C]C,29
C[T>C]G,6
C[T>C]T,11
G[T>C]A,7
G[T>C]C,13
G[T>C]G,9
G[T>C]T,8
T[T>C]A,6
T[T>C]C,11
T[T>C]G,5
T[T>C]T,8
A[T>G]A,1
A[T>G]C,1
A[T>G]G,2
A[T>G]T,0
C[T>G]A,1
C[T>G]C,1
C[T>G]G,3
C[T>G]T,0
G[T>G]A,1
G[T>G]C,1
G[T>G]G,4
G[T>G]T,1
T[T>G]A,1
T[T>G]C,1
T[T>G]G,2
T[T>G]T,0
