Mutation type,Trinucleotide,low_Lepidosauria__Ts...Tv
C>A,ACA,0
C>A,ACC,1
C>A,ACG,0
C>A,ACT,0
C>A,CCA,2
C>A,CCC,2
C>A,CCG,0
C>A,CCT,2
C>A,GCA,9
C>A,GCC,2
C>A,GCG,1
C>A,GCT,2
C>A,TCA,4
C>A,TCC,4
C>A,TCG,1
C>A,TCT,6
C>G,ACA,2
C>G,ACC,0
C>G,ACG,0
C>G,ACT,0
C>G,CCA,1
C>G,CCC,3
C>G,CCG,0
C>G,CCT,0
C>G,GCA,3
C>G,GCC,0
C>G,GCG,0
C>G,GCT,0
C>G,TCA,1
C>G,TCC,0
C>G,TCG,0
C>G,TCT,0
C>T,ACA,25
C>T,ACC,12
C>T,ACG,3
C>T,ACT,14
C>T,CCA,19
C>T,CCC,13
C>T,CCG,2
C>T,CCT,11
C>T,GCA,24
C>T,GCC,13
C>T,GCG,3
C>T,GCT,18
C>T,TCA,29
C>T,TCC,17
C>T,TCG,2
C>T,TCT,17
T>A,ATA,0
T>A,ATC,0
T>A,ATG,1
T>A,ATT,0
T>A,CTA,1
T>A,CTC,2
T>A,CTG,2
T>A,CTT,5
T>A,GTA,3
T>A,GTC,0
T>A,GTG,2
T>A,GTT,0
T>A,TTA,5
T>A,TTC,5
T>A,TTG,3
T>A,TTT,2
T>C,ATA,5
T>C,ATC,12
T>C,ATG,5
T>C,ATT,22
T>C,CTA,3
T>C,CTC,15
T>C,CTG,4
T>C,CTT,12
T>C,GTA,6
T>C,GTC,9
T>C,GTG,7
T>C,GTT,10
T>C,TTA,2
T>C,TTC,9
T>C,TTG,2
T>C,TTT,3
T>G,ATA,1
T>G,ATC,2
T>G,ATG,1
T>G,ATT,0
T>G,CTA,1
T>G,CTC,2
T>G,CTG,1
T>G,CTT,0
T>G,GTA,2
T>G,GTC,3
T>G,GTG,2
T>G,GTT,2
T>G,TTA,1
T>G,TTC,2
T>G,TTG,1
T>G,TTT,0
