Type,Actinopterygii,Amphibia,Lepidosauria,Mammalia,Aves,Cancers,Vertebrate
T[T>G]T,0.0,0.0,0.0,0.0,0.0,0.0,0.0
G[T>G]T,0.0,0.0,0.0,0.0,0.0,0.0008366820350267,0.0
C[T>G]T,0.0,0.0,0.0,0.0,0.0,0.0001317631912304,0.0
A[T>G]T,0.0,0.0,0.0,0.0,0.0,7.274812811594402e-05,0.0
T[T>C]T,0.00413255786128853,0.0015275814161134149,0.0013224452454410865,0.001858298142942107,0.002741660168524582,0.0004705066180778,0.002851426111995568
G[T>C]T,0.0076385783863558866,0.006036135988266179,0.005121626566018525,0.005216626026899935,0.006143593820427616,0.0044065253844744,0.006339070808222038
C[T>C]T,0.0030630923876810135,0.0037271321614294178,0.003638195615607239,0.0025540499097365553,0.00043721706940066626,0.001317631912304,0.002794674749305028
A[T>C]T,0.006445834778733655,0.004181660473798859,0.004666381333061459,0.004303467920472206,0.00415356215930633,0.0021824438434783,0.005256899025968291
T[T>A]T,0.0,0.0,0.0,0.0,0.0,0.000627342157437,0.0
G[T>A]T,0.0,0.0,0.0,0.0,0.0,0.0002231152093404,0.0
C[T>A]T,0.0,0.0,0.0,0.0,0.0,0.0001317631912304,0.0
A[T>A]T,0.0,0.0,0.0,0.0,0.0,0.0005092368968116,0.0
T[G>T]T,0.0,0.0,0.0,0.0,0.0,0.0006408333866292,0.0
G[G>T]T,0.0,0.0,0.0,0.0,0.0,0.0001634530726655,0.0
C[G>T]T,0.0,0.0,0.0,0.0,0.0,0.0006917567539596,0.0
A[G>T]T,0.0,0.0,0.0,0.0,0.0,0.000658815956152,0.0
T[G>C]T,0.0,0.0,0.0,0.0,0.0,6.408333866292835e-05,0.0
G[G>C]T,0.0,0.0,0.0,0.0,0.0,5.448435755519013e-05,0.0
C[G>C]T,0.0,0.0,0.0,0.0,0.0,0.0,0.0
A[G>C]T,0.0,0.0,0.0,0.0,0.0,0.0,0.0
T[G>A]T,0.008921212666302176,0.011994405723562642,0.007750124616223783,0.011454564733713994,0.004253106671013357,0.0023070001918654,0.009853325723191884
G[G>A]T,0.005578052795975492,0.006658105689527334,0.006271954440216128,0.009687024155934075,0.004736829065265237,0.0028331865928698,0.007385714361694222
C[G>A]T,0.006562067184951362,0.009929495646790708,0.008352832001800136,0.011025017210340942,0.0077647669539513565,0.0023058558465321,0.008740811348445841
A[G>A]T,0.00545501416627892,0.00743613075335185,0.005669750045836821,0.007640165971985413,0.0030816912920909917,0.0017788030816105,0.006375452582370785
T[C>T]T,0.024861373402730504,0.012544981421396578,0.008897761016430748,0.01314862731308819,0.02229807053943398,0.031326893630993,0.018394210029091616
G[C>T]T,0.023572206446983775,0.024362717543002045,0.047850181466138696,0.03760804708358113,0.038620841130392186,0.0517489951497488,0.03165555733283871
C[C>T]T,0.006062783121800713,0.015272151295613224,0.013346641524646123,0.00522972124374628,0.006121038971609328,0.0273628227121815,0.00642914577614436
A[C>T]T,0.0173231809678467,0.007636075647806612,0.020761442371671747,0.019243212018332564,0.018654594961095092,0.0376117587208842,0.018093950917414413
T[C>G]T,0.0,0.0,0.0,0.0,0.0,0.0004584423458194,0.0
G[C>G]T,0.0,0.0,0.0,0.0,0.0,0.0017608353737154,0.0
C[C>G]T,0.0,0.0,0.0,0.0,0.0,0.0001537237231021,0.0
A[C>G]T,0.0,0.0,0.0,0.0,0.0,0.0008666303852738,0.0
T[C>A]T,0.0,0.0,0.0,0.0,0.0,0.0006112564610925,0.0
G[C>A]T,0.0,0.0,0.0,0.0,0.0,9.782418742863684e-05,0.0
C[C>A]T,0.0,0.0,0.0,0.0,0.0,0.0004611711693064,0.0
A[C>A]T,0.0,0.0,0.0,0.0,0.0,0.0,0.0
T[A>T]T,0.0,0.0,0.0,0.0,0.0,7.529325213166217e-05,0.0
G[A>T]T,0.0,0.0,0.0,0.0,0.0,7.442531838951044e-05,0.0
C[A>T]T,0.0,0.0,0.0,0.0,0.0,0.0,0.0
A[A>T]T,0.0,0.0,0.0,0.0,0.0,0.0002523672848321,0.0
T[A>G]T,0.016292547379602663,0.016610081928608772,0.015648108794146354,0.021113980884392206,0.02971618681693195,0.0125739731059875,0.018871884126487902
G[A>G]T,0.01817872590012944,0.018342165382588534,0.02743476313399481,0.029565363866308293,0.027269853214332982,0.0185319042789881,0.02398362866722264
C[A>G]T,0.011485885987041988,0.012644977650117854,0.015632518700057736,0.018220401580179183,0.03481705262660639,0.0102262385462311,0.015590559712882222
A[A>G]T,0.014796800450035843,0.020091822399925626,0.019487721314280823,0.020502908331049237,0.02677329954265651,0.0121977521002222,0.018171099058052118
T[A>C]T,0.0,0.0,0.0,0.0,0.0,0.0001505865042633,0.0
G[A>C]T,0.0,0.0,0.0,0.0,0.0,0.0,0.0
C[A>C]T,0.0,0.0,0.0,0.0,0.0,0.0001733260770547,0.0
A[A>C]T,0.0,0.0,0.0,0.0,0.0,8.412242827739454e-05,0.0
T[T>G]G,0.0010687346638104237,0.0030214644694343115,0.0005103615240394173,0.0006026693543569016,0.0005323890678409122,0.0010735809206948,0.0008766353945075126
G[T>G]G,0.0018725187771300768,0.0025160798423941636,0.002194023850499886,0.0010773528791928656,0.001044494544366916,0.0017680107419865,0.0015372262554009088
C[T>G]G,0.0009043107760909467,0.0008242355570559535,0.0009192213136647408,0.00038983188625964514,0.000597224248645199,0.0,0.0006692827524252126
A[T>G]G,0.0014750508113010445,0.0019001048114179848,0.001302411373715299,0.0007031382582866254,0.001548604515045017,0.0002704249788603,0.0011496717251616314
T[T>C]G,0.003747038649157459,0.0028474450584128684,0.0009637918329733225,0.001069813054475726,0.0014610810247785468,0.0001789301534491,0.0023131096008560687
G[T>C]G,0.006295913646320328,0.004742324098589113,0.004759617371417854,0.0034453434297781345,0.0032684842843617055,0.0017048675012012,0.00481029868657967
C[T>C]G,0.00433446277886806,0.0021843649892120975,0.0015292786006703106,0.0015980399662905674,0.0009604361777273974,0.0005707311708543,0.002790498345323223
A[T>C]G,0.003653428220065275,0.002069059699811407,0.0017624481154385591,0.0015791950038655646,0.002117467163583906,0.0004732437130055,0.0025390774202486374
T[T>A]G,0.0008044240942132852,0.0021981188978850955,0.0006145550211464819,0.0007749438539797905,0.0003265879018401946,0.0003578603068982,0.0008060784251891877
G[T>A]G,0.0010604670343484603,0.0018181132494777645,0.0017877041480770315,0.001149402334331716,0.0005044812339238457,0.0003788594447113,0.001143456020494801
C[T>A]G,0.0004168835541119832,0.0004580700914268653,0.0006027988644647864,0.0004319726760039141,0.0003490262759147199,0.0002853655854271,0.00043290147008656795
A[T>A]G,0.0006396311612626331,0.00031664199239854343,0.0006310327207436782,0.00032839551603739043,0.00032959440616357917,0.0002704249788603,0.00048269323287879694
T[G>T]G,0.0018419472637132687,0.0030808528390395057,0.0012496258716018524,0.0014312282713545323,0.001695430635787028,0.0003067171672346,0.0016643725916066045
G[G>T]G,0.0016849266707226283,0.0025310813868120495,0.0027446246046277933,0.0013844657629709198,0.0019286005117989378,0.0002301745586556,0.0016547881703060797
C[G>T]G,0.0018892955133808793,0.004036211413840638,0.0024136942185841504,0.0027049183907992247,0.003378022357631338,0.0011919500991304,0.0023985392353548527
A[G>T]G,0.001794535403718276,0.003353671236374353,0.003006634084433914,0.001921947228311396,0.002423180799010613,0.0004495749890337,0.0019953537132862227
T[G>C]G,0.0004351658948981141,0.0,0.00019772802258734995,0.00021042526898000234,9.71593487557036e-05,6.134343344693617e-05,0.00029726010034374035
G[G>C]G,0.0007090539525677101,0.0003368856903444094,0.00032324654672980977,0.00019504472855660107,0.00032107346053943065,9.206982346224645e-05,0.00043813363405964415
C[G>C]G,0.0004698543988059167,0.00045452831236944113,0.0005684680649386311,0.0004026376993001165,0.00017488682776026652,0.0003973166997101,0.0004345154905828323
A[G>C]G,0.00103351928805543,0.0006727019023067728,0.0003987515122178225,0.000488541745812491,0.00030691171609692795,0.0,0.000721532848790868
T[G>A]G,0.008570034399423393,0.009237009729928553,0.006590738492326355,0.010026391021099975,0.006935474058029703,0.0032512019726876,0.009035831018305655
G[G>A]G,0.004051110410008961,0.005058727034256405,0.00681419149671274,0.008739715345770071,0.004445164603815155,0.002623989968674,0.006276347317315018
C[G>A]G,0.00617233025681408,0.009136019078625768,0.004984864683728941,0.009711985527892032,0.0074545510332813605,0.0033771919475363,0.00776958548307804
A[G>A]G,0.0038299497953072927,0.007153199747853125,0.0038384023767872194,0.0056438872249208,0.004127207759841062,0.0012987721905419,0.004728028330011025
T[C>T]G,0.018159290274186536,0.013999472020978787,0.011270497287478948,0.008148635426302342,0.003934953624605997,0.0614470826965534,0.012752591052626727
G[C>T]G,0.02908682943903562,0.02418090621805427,0.043697892991804335,0.015040516135115268,0.01399094622082132,0.0658997698484775,0.023150151741905184
C[C>T]G,0.034116914099530334,0.02409000055558038,0.0094909450841928,0.022040504776615455,0.007869907249211994,0.0395992310711121,0.02611392793160353
A[C>T]G,0.030423547634953335,0.03454415174007753,0.02639669101541122,0.01789861960553475,0.010493209665615991,0.0578347618521754,0.024141529505218497
T[C>G]G,0.0022058491968207387,0.0010908679496866589,0.0008897761016430748,0.0009324309194276312,0.0008744341388013325,0.0017810748607696,0.0014925839787435417
G[C>G]G,0.004658700668974099,0.0007272452997911058,0.0007909120903493998,0.0006081071213658465,0.0008744341388013325,0.0023153973190005,0.002414269104917083
C[C>G]G,0.002803195926852291,0.0016363019245299883,0.0,0.0006486475961235696,0.0,0.0010330234192464,0.0015635764388775915
A[C>G]G,0.005484243033053717,0.002727169874216647,0.0026693283049292246,0.001479727328656893,0.0013116512082019989,0.0036374064057972,0.0033435042667807665
T[C>A]G,0.001710523778372968,0.0005454339748433294,0.0017795522032861496,0.0005270261718504002,0.0008744341388013325,0.0002226343575962,0.0011354092134021885
G[C>A]G,0.001442387618519908,0.0021817358993733178,0.00059318406776205,0.00044594522233495405,0.0026233024164039978,0.0012467524025387,0.0010349356615256776
C[C>A]G,0.0007529889837393634,0.0010908679496866589,0.00019772802258734995,0.0004121614933701848,0.00043721706940066626,0.0010330234192464,0.0005721018802349134
A[C>A]G,0.0012468991867058547,0.0,0.00059318406776205,0.0001216214242731693,0.0,0.0,0.0006353645419242937
T[A>T]G,0.002252302572860793,0.00472666156453517,0.002281640146356171,0.0024492910999639825,0.0031791926903562734,0.0001028907788094,0.0024546629272333242
G[A>T]G,0.002869679605239503,0.003627135932708141,0.0022343266552370547,0.002792949135987423,0.0018737874402885697,0.0001946652171946,0.0027838889840333964
C[A>T]G,0.0020715638312849617,0.002072649104404652,0.002036598632649705,0.002655497621570762,0.0025150391420762134,0.000154644224438,0.002338175405217499
A[A>T]G,0.0019119561152083947,0.0014090377683452675,0.0073027549675594595,0.0022308200609936295,0.002739893634910842,0.0002565455511373,0.002382603204311907
T[A>G]G,0.014103042547061293,0.013292572274217552,0.021444907750845933,0.020602060422253973,0.018519612865859493,0.0115237672266531,0.01747754414204475
G[A>G]G,0.01767667034583736,0.024144543953064715,0.020113502851500892,0.023274672658168426,0.02724556337714406,0.0187527492564202,0.02081361460488951
C[A>G]G,0.01065498009923938,0.011272302146762142,0.009006511428853791,0.01524289675910422,0.014832068582906413,0.0105158072617897,0.012716076585978115
A[A>G]G,0.01147154176034062,0.008942025340179663,0.013359641500157142,0.018178849446492538,0.02925700697866046,0.0106038827803438,0.015093021229513469
T[A>C]G,0.00046720980421968765,0.0006709703658786989,0.00023727362710481998,0.0005547238796045931,0.00043721706940066626,0.0,0.0004966270517720018
G[A>C]G,0.0009451752460970984,0.00363622649895553,0.0007909120903493998,0.0006801147265307546,0.00014573902313355538,0.0001297768114631,0.00087630194460752
C[A>C]G,0.0007705062064743099,0.00039998491488510814,0.0,0.0008222959630024834,0.0002914780462671108,0.0003092884488761,0.0007165758232580051
A[A>C]G,0.00021341449457692516,0.001127230214676214,0.00015278983563567948,0.00011293417968222862,0.0002498383253718093,0.0,0.00019731162203209384
T[T>G]C,0.0003328586811969019,0.0,0.0004943200564683749,0.00038783720851555094,0.00029980599044617114,0.0,0.00035402200318503015
G[T>G]C,0.001723732456198242,0.004999811436063852,0.002397452273871618,0.0012290520597383052,0.0011659121850684433,0.0004872751977577,0.0016331307969754238
C[T>G]C,0.0005764329901415357,0.00061815850482244,0.0007019344801850924,0.0002816919496062426,0.0003435276973862377,0.0,0.0004491856398508913
A[T>G]C,0.001169093784468408,0.0,0.0015521649773106972,0.0006751919545958882,0.0018217377891694426,0.0,0.0009679947773205868
T[T>C]C,0.0037149577924853257,0.0027998944041957574,0.003487545693635925,0.0025376816199281695,0.0015531615893947478,0.0018733585323121,0.0030802599404675733
G[T>C]C,0.007665090089705187,0.004103741334535526,0.006748174942302559,0.004364471682488589,0.005450639465194973,0.0055224522412543,0.0059907044178525186
C[T>C]C,0.008231850791289354,0.006660827107794535,0.006370137794355792,0.004083711007302494,0.004134086611526278,0.0041654170130903,0.006126250466396195
A[T>C]C,0.008141770951376514,0.005127945131741334,0.008538790499233475,0.005083857434567482,0.00342105006922315,0.0044272432253417,0.006566494190466215
T[T>A]C,0.000982725630200377,0.0008181509622649942,0.0,0.0007067556099429726,0.0003206258508938219,0.0002676226474731,0.0007747498162038462
G[T>A]C,0.0006842095113491871,0.0017272075870038764,0.00019772802258734995,0.0009567552042822651,0.0008744341388013325,0.0,0.000813661538606888
C[T>A]C,0.000618860864368173,0.00061815850482244,0.0004646608530802724,0.0005414785878516923,0.00048406175540788044,0.000416541701309,0.0005711515260920982
A[T>A]C,0.0008173341142881976,0.0002181735899373318,0.0004943200564683749,0.0004310803815904556,9.71593487557036e-05,0.0004919159139268,0.0005845193382014846
T[G>T]C,0.0009774421590702674,0.0021817358993733178,0.0016806881919924745,0.0012770249548682776,0.003789214601472441,0.0004056374682904,0.001298025366728333
G[G>T]C,0.001941298249520253,0.005145260496022075,0.0039249012483588966,0.002799995456600075,0.0032208324112515748,0.0007034206162183,0.002580203955249883
C[G>T]C,0.002714383293093783,0.0016363019245299883,0.0033317171805968475,0.0019121590594059392,0.0026233024164039978,0.0010330234192464,0.0023678073468238986
A[G>T]C,0.0028080076594886407,0.0007272452997911058,0.0018939519877831164,0.0016426614272069802,0.0034394409459519077,0.0006148948924085,0.002212174285115926
T[G>C]C,0.00039626033475821654,0.0010908679496866589,0.00059318406776205,0.0011621602763880621,0.0021860853470033314,0.0,0.0008305039259156672
G[G>C]C,0.001954884318140535,0.00185447551446732,0.0008897761016430748,0.0011635116255466528,0.0005683821902208662,0.000401954637839,0.0014937455226958713
C[G>C]C,0.0016207047691611056,0.001999924574425541,0.0022738722597545244,0.0007567555288108312,0.00043721706940066626,0.0005165117096232,0.0012527251525874786
A[G>C]C,0.001397289418516473,0.0006545207698119953,0.00059318406776205,0.0007945933052513728,0.0007432690179811327,0.0,0.001041241185838324
T[G>A]C,0.008933028813232729,0.010347661694170592,0.011181519677314641,0.009694578863730183,0.007257803352051061,0.0036507372146142,0.00937083880284425
G[G>A]C,0.0043556244113498975,0.011272302146762142,0.005659258475053653,0.0081049564284988,0.005173041325892962,0.0027131938054137,0.006297081748594642
C[G>A]C,0.008088428214005215,0.011828125340173915,0.010726745225363736,0.008301337881223099,0.0068497340872771045,0.0020660468384928,0.008405015006482185
A[G>A]C,0.0069516842541240305,0.006051719816118846,0.011774703745076692,0.007218006305752833,0.0034720587273198945,0.0015372372310214,0.007182056303296451
T[C>T]C,0.015252060284843752,0.012544981421396578,0.015818241806987998,0.020668885380645825,0.014428163290221988,0.0437912101637062,0.01749401346603617
G[C>T]C,0.024350197570892407,0.021453736343837623,0.010222538767765995,0.013256735245775452,0.01457390231335554,0.0537593820220067,0.018270505598168514
C[C>T]C,0.04327379855266854,0.05877051078936875,0.054385092612650614,0.04631208701406427,0.06908029696530527,0.0416834011274865,0.046755711680548734
A[C>T]C,0.04016840694671373,0.024661407576844825,0.030227671453041127,0.036268860067417676,0.03279128020504997,0.0420588106407464,0.037119197354417474
T[C>G]C,0.0003170082678065732,0.0,0.0,0.0010540523437008004,0.0,0.0006737109255954,0.0005923874156880983
G[C>G]C,0.003024787221987719,0.0043634717987466355,0.00019772802258734995,0.00044594522233495405,0.0008744341388013325,0.0021082110596865,0.0017074696099245185
C[C>G]C,0.0024119045708950113,0.003311563418691643,0.004943200564683749,0.001256754717489416,0.0016031292544691096,0.0004530804470378,0.0020606619388578848
A[C>G]C,0.005724640969473701,0.0010908679496866589,0.0008304576948668698,0.0013675653484938593,0.0,0.0011068108063354,0.0031884381491447643
T[C>A]C,0.0008321467029922547,0.0,0.00059318406776205,0.0005945936297799387,0.0,0.0002245703085318,0.0006562723330662265
G[C>A]C,0.00043588636823403817,0.0,0.0,0.0004864856970926772,0.0,0.0,0.00040073266355371355
C[C>A]C,0.0022124535357333757,0.002945343464153979,0.0003954560451746999,0.0020405372294720627,0.00043721706940066626,0.0,0.001984497842555129
A[C>A]C,0.001114246322260604,0.0,0.0008897761016430748,0.0010135118689430774,0.0,0.0007378738708902,0.0009777711055860277
T[A>T]C,0.0015850413390328662,0.0003636226498955529,0.0011863681355241,0.0014189166165203084,0.00043721706940066626,0.0005739018995813,0.0014054681823188215
G[A>T]C,0.0013869111716537578,0.001999924574425541,0.0,0.00117567376797397,0.0008744341388013325,0.0,0.0012138134301844367
C[A>T]C,0.0023313316361608404,0.0020908302368994294,0.0028670563275165744,0.0023108070611902167,0.0016031292544691096,0.0,0.002317280184897561
A[A>T]C,0.001591645677945503,0.0029089811991644234,0.0014829601694051249,0.0014594570912780315,0.00043721706940066626,0.0,0.0015245264374326058
T[A>G]C,0.009144367658437109,0.01625393245033122,0.0087000329938434,0.013624302216912142,0.012970773058886432,0.0118606392580142,0.011423203999185495
G[A>G]C,0.013083195385933784,0.0166720984977111,0.008403440959962375,0.024412122549942256,0.02164224493533298,0.0252875524503026,0.018132862639817456
C[A>G]C,0.008316560949587446,0.011272302146762142,0.018883026157091923,0.011851332120841052,0.014020094025448031,0.0149788395790728,0.010778132268516732
A[A>G]C,0.014734280114093017,0.011545019134183807,0.021750082484608496,0.018742633680014584,0.006121038971609328,0.0148692764891528,0.016423982583665106
T[A>C]C,0.0006736425690889681,0.0,0.0,0.0003648642728195079,0.0,0.0001913006331937,0.0004530021414085457
G[A>C]C,0.000911398769943898,0.0010908679496866589,0.0008897761016430748,0.0006486475961235696,0.0008744341388013325,0.0,0.0008014653271074271
C[A>C]C,0.002656265110662578,0.0021817358993733178,0.0011863681355241,0.0010945928184585235,0.0002914780462671108,0.0010330234192464,0.0017893584585637558
A[A>C]C,0.0014489919574325453,0.0,0.0020761442371671746,0.0017162134314102778,0.0,0.000782593499429,0.0014966493825766954
T[T>G]A,0.0005369642028303006,0.0010384223751824925,0.0006547814825908038,0.0003025852115971817,0.0007672531089676803,0.0001331215746451,0.00046835126011227584
G[T>G]A,0.001434331336700137,0.0013635849371083236,0.0020854635611754855,0.001169747834163716,0.001060140984945757,0.0004427243225341,0.0013416997867907229
C[T>G]A,0.0005992820997837177,0.0006835633580828737,0.0006235494426593928,0.0003688287867209967,0.0006085871885347518,0.0002074344215354,0.0005047283626137293
A[T>G]A,0.0010804412558956607,0.0023999094893106497,0.0009766565964163042,0.00047056200700746465,0.0009108688945847213,0.0,0.0008476266425549329
T[T>C]A,0.0044629689616252815,0.00369747203219468,0.0013768493162799086,0.0020474189790571523,0.0022936292710899163,0.0011980941718063,0.0031326394113383523
G[T>C]A,0.005851860064338488,0.005537113208404744,0.0036359813181565856,0.0035618119723912927,0.0038626897531590545,0.0028777080964721,0.0046481679818450895
C[T>C]A,0.005519167613900922,0.0034252091190111467,0.002205739248425914,0.0023613850331070914,0.002392737577251403,0.0013483237399802,0.0037759180529871495
A[T>C]A,0.005691503248287097,0.0058293485401775015,0.002747362990836243,0.0028006441104043655,0.0018946388459793228,0.0019539094278509,0.004129238643270677
T[T>A]A,0.0015413363620401385,0.003078105689898811,0.0008141194540394409,0.0012124532906616617,0.0005161590402646754,0.0005990470859031,0.001365508212629737
G[T>A]A,0.0020730090664885714,0.0018181132494777645,0.0018073496817862542,0.0026671675768045362,0.0006770240074658802,0.000221362161267,0.0022489831990951115
C[T>A]A,0.0008028232946222505,0.0008541590493488069,0.000638379044353444,0.0003850818006723651,0.0004087478067844959,0.0002074344215354,0.0005995654047437012
A[T>A]A,0.0010484287958070044,0.0021211321243907255,0.00022648846223641907,0.0005379166150695328,0.00014573902313355538,0.0002548577514588,0.0007790342424356034
T[G>T]A,0.0018439628736411516,0.001181773612160547,0.0032822851749500096,0.002081978603668846,0.002382927663962939,0.0007284139494686,0.002031073995128467
G[G>T]A,0.002929981989290643,0.0017111242774892656,0.003985687384154308,0.0023866214389848613,0.0027336887855096393,0.0008429716329162,0.0027117206856141327
C[G>T]A,0.003454172176071396,0.0031816981865860883,0.0038556964404533245,0.0029040493418115644,0.007170359938170927,0.0015719921597227,0.0033807189282144953
A[G>T]A,0.0033806352924471814,0.0029860345702137194,0.003623366013913188,0.0031129293117537374,0.0034394409459519077,0.001857319503782,0.0032695802909575035
T[G>C]A,0.0009426278582307955,0.0,0.0017795522032861496,0.00013243221754189545,0.0002498383253718093,6.621944995169263e-05,0.0005858744728125358
G[G>C]A,0.000969980843029364,0.00028390537664922015,0.00059318406776205,0.0002996815884051048,0.0004867843525433425,0.0002299013544316,0.0006185990605633544
C[G>C]A,0.001091731530512978,0.0002727169874216647,0.0015323921750519621,0.00027026983171815394,0.00014573902313355538,0.0,0.0007007164742292277
A[G>C]A,0.0011831201423495323,0.0003982533784570341,0.00019772802258734995,0.0010716198827624805,0.000728695115667777,0.0,0.0010341336430824024
T[G>A]A,0.011891858468476296,0.014082912702977797,0.010173503739291816,0.012187665134900941,0.00359095872615459,0.003443411397488,0.011657242262970852
G[G>A]A,0.006762804093646837,0.01041978877522893,0.006798468031597083,0.00880006946879991,0.003748523842688354,0.0023756473291274,0.007637156700036268
C[G>A]A,0.009724131073253038,0.01495382709171365,0.009014985486964678,0.013235758425941805,0.0070953404969588555,0.0035931249365092,0.011253969608653101
A[G>A]A,0.006023838298517391,0.007328391537008148,0.006028305698564668,0.006412338926161975,0.0032672381432265205,0.0016804319319932,0.006122888730816884
T[C>T]A,0.03191490170912551,0.037362227276768065,0.008304576948668698,0.029720222044886804,0.029512152184544973,0.0168365695402038,0.029662970166329856
G[C>T]A,0.03759214868459281,0.021817358993733178,0.06648604759499642,0.04235977682494587,0.03682825114584946,0.029347256228591,0.04080415405947056
C[C>T]A,0.03397324828552167,0.03207151772078777,0.03545263444991185,0.03611879596085416,0.034132079217878676,0.0206024333613749,0.03492783155094972
A[C>T]A,0.032454476198287945,0.043016559482643914,0.039595036523116835,0.035425618192457035,0.025868676606206085,0.0365620648384963,0.03422580519706862
T[C>G]A,0.0022124535357333757,0.0014544905995822117,0.0,0.0014594570912780315,0.0008744341388013325,0.0011414623417087,0.0016813348709971024
G[C>G]A,0.00398858041397187,0.0010908679496866589,0.0009392081072899123,0.0017189161297274593,0.004036970940799485,0.0023477804982872,0.0027433732247438038
C[C>G]A,0.0022037735474481957,0.001181773612160547,0.00019772802258734995,0.00040540474757723096,0.0024775633932704426,0.0005803502355316,0.0012913050052898545
A[C>G]A,0.0031991417692813348,0.009636000222232152,0.0011863681355241,0.001256754717489416,0.001748868277602665,0.0034821014131901,0.002393942085751315
T[C>A]A,0.0013737024938284838,0.001999924574425541,0.000296592033881025,0.0004189182391631387,0.0008744341388013325,0.0002853655854271,0.0009001965630554434
G[C>A]A,0.0020328155173096507,0.0005454339748433294,0.0038556964404533245,0.000851349969912185,0.0,0.0004695560996574,0.0015036186462906729
C[C>A]A,0.0018954452679268022,0.001999924574425541,0.0006920480790557248,0.0009324309194276312,0.0008744341388013325,0.0005803502355316,0.0013735257236297573
A[C>A]A,0.0007859163306037961,0.0,0.00059318406776205,0.0001621618990308924,0.0,0.0,0.0004500982815277217
T[A>T]A,0.004303324337008397,0.0030726113916174224,0.0027547750575473294,0.003658649146964644,0.0016031292544691096,0.0003321618711403,0.003788375600523005
G[A>T]A,0.0027647821183543735,0.0017566830593817734,0.005074548465402488,0.004546903818898344,0.0018071638868560871,8.814192996982978e-05,0.003596010596945908
C[A>T]A,0.002175336623225062,0.0021271925018889848,0.002026712231520337,0.002972292474320398,0.0022443809562567533,0.0,0.0025103285576980276
A[A>T]A,0.0015684361440525217,0.00254535854926887,0.001567700750513989,0.0018716185846482161,0.0,0.0,0.0016673963435691473
T[A>G]A,0.010627753349519688,0.010095916502660719,0.010774535484347847,0.014300736376160276,0.028959384889659844,0.0068923588261617,0.012928450286605843
G[A>G]A,0.012509571055082243,0.009394759539161527,0.01480321152347865,0.01831056741530531,0.02463732745415725,0.0097837542266511,0.015521209698274878
C[A>G]A,0.0077637168033344185,0.008434009088170056,0.012403437540109866,0.012531107309347922,0.027948233667252274,0.0099329174927538,0.010910933087600966
A[A>G]A,0.010700384913227426,0.010051314412545274,0.011129285987536828,0.016654649674486967,0.0422684806808206,0.008273131279679,0.014521815731642894
T[A>C]A,0.0005270262452284279,0.0002181735899373318,0.0004152288474334349,0.00021891856369170472,0.0008744341388013325,0.0,0.0003920210839112415
G[A>C]A,0.0005690138301942228,0.0002727169874216647,0.000558132281939747,0.0007220387254270349,0.0005829560925342216,0.0,0.0006252312023141974
C[A>C]A,0.0007473995973436034,0.0015817585270456553,0.0003460240395278624,0.000584458511090508,0.0,0.0007449688119565,0.0006506619752098985
A[A>C]A,0.0008726533149897613,0.0005454339748433294,9.886401129367495e-05,4.05404747577231e-05,0.0,0.0,0.0004243507239177488
