Substitution,"Aves__Ts only"
A[C>A]A,0
A[C>A]C,0
A[C>A]G,0
A[C>A]T,0
C[C>A]A,0
C[C>A]C,0
C[C>A]G,0
C[C>A]T,0
G[C>A]A,0
G[C>A]C,0
G[C>A]G,0
G[C>A]T,0
T[C>A]A,0
T[C>A]C,0
T[C>A]G,0
T[C>A]T,0
A[C>G]A,0
A[C>G]C,0
A[C>G]G,0
A[C>G]T,0
C[C>G]A,0
C[C>G]C,0
C[C>G]G,0
C[C>G]T,0
G[C>G]A,0
G[C>G]C,0
G[C>G]G,0
G[C>G]T,0
T[C>G]A,0
T[C>G]C,0
T[C>G]G,0
T[C>G]T,0
A[C>T]A,63
A[C>T]C,23
A[C>T]G,4
A[C>T]T,32
C[C>T]A,23
C[C>T]C,64
C[C>T]G,7
C[C>T]T,2
G[C>T]A,36
G[C>T]C,31
G[C>T]G,0
G[C>T]T,50
T[C>T]A,52
T[C>T]C,27
T[C>T]G,2
T[C>T]T,33
A[T>A]A,0
A[T>A]C,0
A[T>A]G,0
A[T>A]T,0
C[T>A]A,0
C[T>A]C,0
C[T>A]G,0
C[T>A]T,0
G[T>A]A,0
G[T>A]C,0
G[T>A]G,0
G[T>A]T,0
T[T>A]A,0
T[T>A]C,0
T[T>A]G,0
T[T>A]T,0
A[T>C]A,44
A[T>C]C,35
A[T>C]G,31
A[T>C]T,59
C[T>C]A,24
C[T>C]C,41
C[T>C]G,49
C[T>C]T,47
G[T>C]A,0
G[T>C]C,27
G[T>C]G,40
G[T>C]T,18
T[T>C]A,35
T[T>C]C,46
T[T>C]G,40
T[T>C]T,46
A[T>G]A,0
A[T>G]C,0
A[T>G]G,0
A[T>G]T,0
C[T>G]A,0
C[T>G]C,0
C[T>G]G,0
C[T>G]T,0
G[T>G]A,0
G[T>G]C,0
G[T>G]G,0
G[T>G]T,0
T[T>G]A,0
T[T>G]C,0
T[T>G]G,0
T[T>G]T,0
