Mutation type,Trinucleotide,diff_Amphibia__Ts...Tv
C>A,ACA,0
C>A,ACC,0
C>A,ACG,0
C>A,ACT,0
C>A,CCA,7
C>A,CCC,4
C>A,CCG,1
C>A,CCT,4
C>A,GCA,3
C>A,GCC,4
C>A,GCG,0
C>A,GCT,1
C>A,TCA,3
C>A,TCC,2
C>A,TCG,0
C>A,TCT,4
C>G,ACA,9
C>G,ACC,1
C>G,ACG,0
C>G,ACT,0
C>G,CCA,1
C>G,CCC,2
C>G,CCG,0
C>G,CCT,1
C>G,GCA,1
C>G,GCC,3
C>G,GCG,0
C>G,GCT,1
C>G,TCA,1
C>G,TCC,1
C>G,TCG,0
C>G,TCT,0
C>T,ACA,62
C>T,ACC,28
C>T,ACG,8
C>T,ACT,0
C>T,CCA,62
C>T,CCC,80
C>T,CCG,7
C>T,CCT,13
C>T,GCA,30
C>T,GCC,17
C>T,GCG,4
C>T,GCT,46
C>T,TCA,57
C>T,TCC,10
C>T,TCG,0
C>T,TCT,39
T>A,ATA,2
T>A,ATC,0
T>A,ATG,1
T>A,ATT,0
T>A,CTA,6
T>A,CTC,3
T>A,CTG,5
T>A,CTT,3
T>A,GTA,2
T>A,GTC,3
T>A,GTG,3
T>A,GTT,3
T>A,TTA,9
T>A,TTC,3
T>A,TTG,4
T>A,TTT,9
T>C,ATA,27
T>C,ATC,21
T>C,ATG,23
T>C,ATT,37
T>C,CTA,20
T>C,CTC,20
T>C,CTG,15
T>C,CTT,16
T>C,GTA,9
T>C,GTC,13
T>C,GTG,10
T>C,GTT,7
T>C,TTA,18
T>C,TTC,12
T>C,TTG,13
T>C,TTT,35
T>G,ATA,2
T>G,ATC,0
T>G,ATG,2
T>G,ATT,0
T>G,CTA,1
T>G,CTC,5
T>G,CTG,1
T>G,CTT,1
T>G,GTA,0
T>G,GTC,3
T>G,GTG,3
T>G,GTT,0
T>G,TTA,1
T>G,TTC,0
T>G,TTG,5
T>G,TTT,1
