Mutation type,Trinucleotide,low_Actinopteri__Ts...Tv
C>A,ACA,0
C>A,ACC,1
C>A,ACG,0
C>A,ACT,0
C>A,CCA,3
C>A,CCC,2
C>A,CCG,0
C>A,CCT,1
C>A,GCA,3
C>A,GCC,1
C>A,GCG,0
C>A,GCT,2
C>A,TCA,4
C>A,TCC,3
C>A,TCG,1
C>A,TCT,5
C>G,ACA,3
C>G,ACC,2
C>G,ACG,1
C>G,ACT,0
C>G,CCA,2
C>G,CCC,2
C>G,CCG,1
C>G,CCT,1
C>G,GCA,2
C>G,GCC,5
C>G,GCG,1
C>G,GCT,2
C>G,TCA,4
C>G,TCC,3
C>G,TCG,1
C>G,TCT,1
C>T,ACA,22
C>T,ACC,10
C>T,ACG,2
C>T,ACT,11
C>T,CCA,19
C>T,CCC,7
C>T,CCG,2
C>T,CCT,8
C>T,GCA,13
C>T,GCC,6
C>T,GCG,2
C>T,GCT,8
C>T,TCA,29
C>T,TCC,13
C>T,TCG,3
C>T,TCT,18
T>A,ATA,1
T>A,ATC,1
T>A,ATG,0
T>A,ATT,0
T>A,CTA,1
T>A,CTC,2
T>A,CTG,1
T>A,CTT,1
T>A,GTA,3
T>A,GTC,1
T>A,GTG,2
T>A,GTT,1
T>A,TTA,5
T>A,TTC,2
T>A,TTG,2
T>A,TTT,2
T>C,ATA,22
T>C,ATC,25
T>C,ATG,15
T>C,ATT,35
T>C,CTA,17
T>C,CTC,31
T>C,CTG,17
T>C,CTT,18
T>C,GTA,15
T>C,GTC,16
T>C,GTG,19
T>C,GTT,18
T>C,TTA,18
T>C,TTC,17
T>C,TTG,16
T>C,TTT,24
T>G,ATA,1
T>G,ATC,2
T>G,ATG,1
T>G,ATT,0
T>G,CTA,1
T>G,CTC,2
T>G,CTG,3
T>G,CTT,1
T>G,GTA,2
T>G,GTC,1
T>G,GTG,4
T>G,GTT,1
T>G,TTA,1
T>G,TTC,1
T>G,TTG,2
T>G,TTT,0
