Substitution,"Mammalia__Ts only"
A[C>A]A,0
A[C>A]C,0
A[C>A]G,0
A[C>A]T,0
C[C>A]A,0
C[C>A]C,0
C[C>A]G,0
C[C>A]T,0
G[C>A]A,0
G[C>A]C,0
G[C>A]G,0
G[C>A]T,0
T[C>A]A,0
T[C>A]C,0
T[C>A]G,0
T[C>A]T,0
A[C>G]A,0
A[C>G]C,0
A[C>G]G,0
A[C>G]T,0
C[C>G]A,0
C[C>G]C,0
C[C>G]G,0
C[C>G]T,0
G[C>G]A,0
G[C>G]C,0
G[C>G]G,0
G[C>G]T,0
T[C>G]A,0
T[C>G]C,0
T[C>G]G,0
T[C>G]T,0
A[C>T]A,44
A[C>T]C,44
A[C>T]G,5
A[C>T]T,37
C[C>T]A,39
C[C>T]C,65
C[C>T]G,6
C[C>T]T,5
G[C>T]A,35
G[C>T]C,31
G[C>T]G,2
G[C>T]T,26
T[C>T]A,6
T[C>T]C,43
T[C>T]G,2
T[C>T]T,36
A[T>A]A,0
A[T>A]C,0
A[T>A]G,0
A[T>A]T,0
C[T>A]A,0
C[T>A]C,0
C[T>A]G,0
C[T>A]T,0
G[T>A]A,0
G[T>A]C,0
G[T>A]G,0
G[T>A]T,0
T[T>A]A,0
T[T>A]C,0
T[T>A]G,0
T[T>A]T,0
A[T>C]A,30
A[T>C]C,25
A[T>C]G,24
A[T>C]T,30
C[T>C]A,21
C[T>C]C,22
C[T>C]G,28
C[T>C]T,27
G[T>C]A,17
G[T>C]C,17
G[T>C]G,18
G[T>C]T,21
T[T>C]A,23
T[T>C]C,25
T[T>C]G,19
T[T>C]T,28
A[T>G]A,0
A[T>G]C,0
A[T>G]G,0
A[T>G]T,0
C[T>G]A,0
C[T>G]C,0
C[T>G]G,0
C[T>G]T,0
G[T>G]A,0
G[T>G]C,0
G[T>G]G,0
G[T>G]T,0
T[T>G]A,0
T[T>G]C,0
T[T>G]G,0
T[T>G]T,0
