AncestorCodon,MutBase,T,R,MutSpec,Log2(MutSpec)
ACA,C>A,-0.171180616620867,-0.373509915331646,,
ACA,C>G,0.0650670150046199,0.0341467985371643,,
ACA,C>T,-0.0120150711130166,-0.0527441698537534,2.893842907747233,1.532986607299703
ACC,C>A,-0.0911674590260907,-0.285840269396167,,
ACC,C>G,0.0919905272573057,0.14478886901948,,
ACC,C>T,0.0285564476489864,-0.0695309682768877,4.072031953621169,2.025748882422922
ACG,C>A,-0.127276633066354,-0.412693823924102,,
ACG,C>G,-0.0611655352918213,-0.126525706090932,,
ACG,C>T,0.0717473121568575,0.0123168851523529,3.21690550181755,1.6856735567361956
ACT,C>A,-0.12979359431359,-0.327127967126776,,
ACT,C>G,0.189296902305892,0.342964014222604,,
ACT,C>T,-0.0880579758120442,-0.0745115941619381,4.1809025902426855,2.0638144307987174
ATA,T>A,-0.249552312088885,-0.535320480174881,,
ATA,T>C,-0.320754210241182,-0.774054840247337,0.391381839866586,-1.3533512784786972
ATA,T>G,-0.0748250995870763,-0.169555690816169,,
ATC,T>A,-0.221692396807219,-0.58010192057067,,
ATC,T>C,-0.287355081832517,-0.528320177552196,0.5188484858376055,-0.9466147906852297
ATC,T>G,-0.0570980496446736,-0.0616070900106045,,
ATG,T>A,-0.124665019569166,-0.374170277623039,,
ATG,T>C,-0.240529066007073,-0.645501084992459,0.36594619583843013,-1.4502965466598883
ATG,T>G,-0.122212956556247,-0.290706659349723,,
ATT,T>A,-0.148733502438338,-0.302277767107189,,
ATT,T>C,-0.269914367864808,-0.639137408871791,0.6452205519974041,-0.6321357019726811
ATT,T>G,0.104083420138519,0.0529323232803316,,
CCA,C>A,-0.0649882584947004,-0.123515821591297,1.8614904447124543,0.8964582106555351
CCA,C>G,0.0453600447552193,0.177033397893829,2.864431392027248,1.5182487831995335
CCA,C>T,0.179856731776227,0.189606141839649,2.64661199362617,1.4041467041260083
CCC,C>A,0.0102171714105406,-0.0364960588217413,1.4206161274884015,0.5065167686649756
CCC,C>G,0.101951864314564,0.355669467181728,5.308823070418925,2.4083920609035987
CCC,C>T,0.180006384576249,0.0736860128380536,6.681486575560968,2.74016912614031
CCG,C>A,-0.0286112248511353,-0.209946995820842,0.5808231131144547,-0.7838292302036124
CCG,C>G,0.0678968607574639,0.141907208047338,2.2637065893580197,1.1786869751706246
CCG,C>T,0.176045226332483,0.122654582219437,3.7972732182568834,1.924963806290009
CCT,C>A,0.0149926996194431,-0.0455225284006108,0.0,
CCT,C>G,0.171668963092531,0.455409006861467,0.0,
CCT,C>T,0.115260514979305,0.158997547901791,2.3286432448791263,1.219489631275864
CTA,T>A,-0.132353524396502,-0.148704902106852,0.5940430864046301,-0.7513605202788988
CTA,T>C,-0.231695015688232,-0.436667530031229,0.42926591250408586,-1.220056480251725
CTA,T>G,-0.0188494429138717,-0.0967430711938883,1.2724063161407986,0.3475594384506041
CTC,T>A,-0.116283363432943,-0.136097190235202,0.47147618203705105,-1.0847432039975198
CTC,T>C,-0.111300012726006,-0.0121432904653424,0.6210164538118959,-0.6872966017743649
CTC,T>G,-0.0319026612878849,0.0384678226559072,0.8362721234115993,-0.2579556224199427
CTG,T>A,-0.0332453923164464,-0.0879181939739077,0.8887182858861611,-0.17020192213687807
CTG,T>C,-0.172764874279581,-0.434414609432013,0.3375323352436024,-1.566902377432
CTG,T>G,-0.0274677265184096,-0.167524282403576,0.9101148754870412,-0.1358794398664424
CTT,T>A,0.0211877248181261,0.0786075243598436,0.0,
CTT,T>C,-0.124052242580243,-0.369672334829368,0.38032029833905695,-1.3947131547839513
CTT,T>G,0.0622216140354709,0.205682715635519,0.0,
GCA,C>A,-0.0789972618773349,-0.384292553969646,0.5290313105049028,-0.9185749846966514
GCA,C>G,0.0516913942725611,0.0529892845257433,6.5667240745035205,2.7151738362802704
GCA,C>T,0.0447329769658679,0.0541339437598733,3.4111500811711553,1.7702582309402106
GCC,C>A,-0.0429271820727586,-0.416384232679831,0.23730919836616352,-2.075160072821339
GCC,C>G,0.0345965555365434,0.0510148047502127,1.6436947544416616,0.7169424053813932
GCC,C>T,0.02109910324695,-0.122891627730085,5.036981852782644,2.332559533269745
GCG,C>A,-0.0880881304744635,-0.565378838745949,0.7075713311980188,-0.4990524996237415
GCG,C>G,0.0303426840057191,0.0003090160530697,2.0199031043760898,1.0142860879330309
GCG,C>T,0.121937172039118,0.0281166406988828,2.472189043287723,1.3057890674274901
GCT,C>A,-0.0556019661196304,-0.318662332264201,0.0,
GCT,C>G,0.15159614044958,0.219442724801317,0.0,
GCT,C>T,-0.138275392999906,-0.229139766281063,3.6775899919690636,1.8787606451861474
GTA,T>A,-0.166228101244725,-0.460628648498796,1.790981102551437,0.8407501148787819
GTA,T>C,-0.2253334456232,-0.681666802311046,0.49251574254700303,-1.0217582559396372
GTA,T>G,-0.10031488519676,-0.209965862987989,0.7023447164699874,-0.5097488041334953
GTC,T>A,-0.113750293967523,-0.264028640151659,0.4986975836638392,-1.003762882148305
GTC,T>C,-0.207452054423443,-0.395647703957976,0.5626714555851149,-0.8296353177906993
GTC,T>G,0.0065258407166534,0.148370228055911,1.126298488727019,0.17158921741743272
GTG,T>A,-0.0729257374163324,-0.34083289833078,1.1105718261504214,0.1513027020969913
GTG,T>C,-0.193056481998052,-0.521704025493236,0.4392861262231818,-1.18676715872799
GTG,T>G,-0.0538169109185766,-0.233960583703901,0.6842079481862388,-0.5474932314388609
GTT,T>A,-0.0767178789442439,-0.264198079825454,0.0,
GTT,T>C,-0.257487502826223,-0.695825131591979,0.4390548795939208,-1.1875268144215207
GTT,T>G,-0.0299983615524546,-0.0211764114853316,0.0,
TCA,C>A,0.0352498250059779,-0.0682385166373847,0.693269660315617,-0.5285114699007815
TCA,C>G,0.170218320826265,0.354304390180807,3.5729963469724253,1.8371344389140982
TCA,C>T,0.22281587229317,0.32408833262529,1.7679884045641059,0.8221088127764491
TCC,C>A,0.0123548919660059,-0.0728859541444087,0.4071128299965723,-1.2964994067408997
TCC,C>G,0.195605998387444,0.46784282304859,4.629471809125137,2.210847601298756
TCC,C>T,0.24050956599661,0.205027111612298,3.2597636400450285,1.704767360868285
TCG,C>A,-0.0212445622787191,-0.212112341923919,0.5431248072810769,-0.8806443348768888
TCG,C>G,0.0828803309281004,0.237392375061479,4.003023804355127,2.0010901948718374
TCG,C>T,0.237715069105182,0.108649952696883,2.1658926217376635,1.114961720357787
TCT,C>A,-0.126283086434946,-0.050313949395305,0.0,
TCT,C>G,0.266169102127712,0.484632804367585,0.0,
TCT,C>T,0.292315400173161,0.271689074529741,3.132440318473104,1.647287022535764
TTA,T>A,0.0524840752199843,-0.0536693334208911,0.7520686939966418,-0.41106365112001964
TTA,T>C,-0.179009897159096,-0.411317449016573,0.42468042389413785,-1.2355504872657823
TTA,T>G,0.094764787899424,0.0754552641305337,1.348670378565108,0.4315377898597437
TTC,T>A,-0.0416233228084335,-0.0668801224098175,1.0722363406160689,0.10062293737614635
TTC,T>C,-0.0745843539001844,-0.135315928004996,0.40574658483384995,-1.301349143217021
TTC,T>G,0.02180345040029,0.161241970951194,1.2117121164526552,0.27704697810138545
TTG,T>A,0.0190625486547373,0.0527120530167414,1.177776144403484,0.23606535746336899
TTG,T>C,-0.128221100367657,-0.376438904779305,0.40988715764762046,-1.286701305910856
TTG,T>G,-0.0158913825383171,-0.0094255478617066,0.5439425448233216,-0.8784738233309608
TTT,T>A,0.0370719972537365,-0.047516199089949,0.0,
TTT,T>C,-0.154468976924332,-0.430283696856654,0.44859571308237184,-1.1565122612316887
TTT,T>G,0.0022155951371197,0.08053372944255,0.0,
