Mutation type,Trinucleotide,diff_Lepidosauria__Ts...Tv
C>A,ACA,0
C>A,ACC,1
C>A,ACG,0
C>A,ACT,0
C>A,CCA,2
C>A,CCC,2
C>A,CCG,0
C>A,CCT,2
C>A,GCA,9
C>A,GCC,2
C>A,GCG,1
C>A,GCT,2
C>A,TCA,4
C>A,TCC,4
C>A,TCG,1
C>A,TCT,6
C>G,ACA,2
C>G,ACC,0
C>G,ACG,0
C>G,ACT,0
C>G,CCA,1
C>G,CCC,3
C>G,CCG,0
C>G,CCT,0
C>G,GCA,3
C>G,GCC,0
C>G,GCG,0
C>G,GCT,0
C>G,TCA,1
C>G,TCC,0
C>G,TCG,0
C>G,TCT,0
C>T,ACA,43
C>T,ACC,41
C>T,ACG,5
C>T,ACT,32
C>T,CCA,61
C>T,CCC,76
C>T,CCG,1
C>T,CCT,26
C>T,GCA,79
C>T,GCC,12
C>T,GCG,9
C>T,GCT,47
C>T,TCA,0
C>T,TCC,14
C>T,TCG,0
C>T,TCT,16
T>A,ATA,0
T>A,ATC,0
T>A,ATG,1
T>A,ATT,0
T>A,CTA,1
T>A,CTC,2
T>A,CTG,2
T>A,CTT,5
T>A,GTA,3
T>A,GTC,0
T>A,GTG,2
T>A,GTT,0
T>A,TTA,5
T>A,TTC,5
T>A,TTG,3
T>A,TTT,2
T>C,ATA,25
T>C,ATC,34
T>C,ATG,37
T>C,ATT,35
T>C,CTA,27
T>C,CTC,47
T>C,CTG,23
T>C,CTT,24
T>C,GTA,10
T>C,GTC,9
T>C,GTG,22
T>C,GTT,34
T>C,TTA,26
T>C,TTC,25
T>C,TTG,31
T>C,TTT,41
T>G,ATA,1
T>G,ATC,2
T>G,ATG,1
T>G,ATT,0
T>G,CTA,1
T>G,CTC,2
T>G,CTG,1
T>G,CTT,0
T>G,GTA,2
T>G,GTC,3
T>G,GTG,2
T>G,GTT,2
T>G,TTA,1
T>G,TTC,2
T>G,TTG,1
T>G,TTT,0
