Mutation type,Trinucleotide,diff_Mammalia__Ts...Tv
C>A,ACA,0
C>A,ACC,1
C>A,ACG,0
C>A,ACT,0
C>A,CCA,3
C>A,CCC,2
C>A,CCG,1
C>A,CCT,2
C>A,GCA,1
C>A,GCC,2
C>A,GCG,0
C>A,GCT,1
C>A,TCA,5
C>A,TCC,4
C>A,TCG,1
C>A,TCT,7
C>G,ACA,2
C>G,ACC,2
C>G,ACG,0
C>G,ACT,0
C>G,CCA,1
C>G,CCC,1
C>G,CCG,0
C>G,CCT,0
C>G,GCA,4
C>G,GCC,1
C>G,GCG,0
C>G,GCT,1
C>G,TCA,2
C>G,TCC,2
C>G,TCG,0
C>G,TCT,1
C>T,ACA,44
C>T,ACC,44
C>T,ACG,5
C>T,ACT,37
C>T,CCA,39
C>T,CCC,65
C>T,CCG,6
C>T,CCT,5
C>T,GCA,35
C>T,GCC,31
C>T,GCG,2
C>T,GCT,26
C>T,TCA,6
C>T,TCC,43
C>T,TCG,2
C>T,TCT,36
T>A,ATA,1
T>A,ATC,0
T>A,ATG,1
T>A,ATT,0
T>A,CTA,1
T>A,CTC,2
T>A,CTG,2
T>A,CTT,1
T>A,GTA,3
T>A,GTC,2
T>A,GTG,2
T>A,GTT,2
T>A,TTA,4
T>A,TTC,2
T>A,TTG,3
T>A,TTT,2
T>C,ATA,30
T>C,ATC,25
T>C,ATG,24
T>C,ATT,30
T>C,CTA,21
T>C,CTC,22
T>C,CTG,28
T>C,CTT,27
T>C,GTA,17
T>C,GTC,17
T>C,GTG,18
T>C,GTT,21
T>C,TTA,23
T>C,TTC,25
T>C,TTG,19
T>C,TTT,28
T>G,ATA,1
T>G,ATC,0
T>G,ATG,1
T>G,ATT,0
T>G,CTA,0
T>G,CTC,1
T>G,CTG,1
T>G,CTT,0
T>G,GTA,1
T>G,GTC,1
T>G,GTG,2
T>G,GTT,1
T>G,TTA,1
T>G,TTC,1
T>G,TTG,3
T>G,TTT,0
