substitution,"undefined"
A[C>A]A,0.00023739811664161587
A[C>A]C,0
A[C>A]G,0
A[C>A]T,0
C[C>A]A,0
C[C>A]C,0
C[C>A]G,0.0023739811664160795
C[C>A]T,0
G[C>A]A,0
G[C>A]C,0
G[C>A]G,0
G[C>A]T,0
T[C>A]A,0
T[C>A]C,0.004035767982907343
T[C>A]G,0
T[C>A]T,0
A[C>G]A,0
A[C>G]C,0.001107857877660837
A[C>G]G,0.003640104455171322
A[C>G]T,0.005539289388304185
C[C>G]A,0
C[C>G]C,0.005222758566115375
C[C>G]G,0
C[C>G]T,0
G[C>G]A,0.004985360449473767
G[C>G]C,0.00023739811664160793
G[C>G]G,0
G[C>G]T,0.0057766875049457935
T[C>G]A,0.008388066788003481
T[C>G]C,0.0010287251721136344
T[C>G]G,0.0026113792830576876
T[C>G]T,0.004352298805096146
A[C>T]A,0.1306480968584316
A[C>T]C,0.05792514046055234
A[C>T]G,0.014085621587402071
A[C>T]T,0.026192925536124078
C[C>T]A,0.09108174408483025
C[C>T]C,0.05420590329983381
C[C>T]G,0
C[C>T]T,0.050091002611379276
G[C>T]A,0.08016143071931629
G[C>T]C,0.04526390757299991
G[C>T]G,0.007755005143625859
G[C>T]T,0.0329192055076363
T[C>T]A,0.0985993511118145
T[C>T]C,0.06069478515470443
T[C>T]G,0.002057450344227269
T[C>T]T,0.06496795125425338
A[T>A]A,0.0008704597610192292
A[T>A]C,0
A[T>A]G,0.002848777399699295
A[T>A]T,0.00047479623328321586
C[T>A]A,0.002057450344227269
C[T>A]C,0.0005539289388304185
C[T>A]G,0
C[T>A]T,0.002057450344227269
G[T>A]A,0
G[T>A]C,0.00047479623328321586
G[T>A]G,0.0012661232887552424
G[T>A]T,0.009495924665664318
T[T>A]A,0.010524649837777953
T[T>A]C,0
T[T>A]G,0.009258526549022709
T[T>A]T,0.008150668671361872
A[T>C]A,0.005855820210492996
A[T>C]C,0
A[T>C]G,0.001820052227585661
A[T>C]T,0.0149560813484213
C[T>C]A,0.002532246577510485
C[T>C]C,0.008467199493550683
C[T>C]G,0
C[T>C]T,0
G[T>C]A,0.00023739811664160793
G[T>C]C,0
G[T>C]G,0
G[T>C]T,0.0008704597610192292
T[T>C]A,0.0014243886998496476
T[T>C]C,0.005301891271662577
T[T>C]G,0.002057450344227269
T[T>C]T,0.006726279971512225
A[T>G]A,0
A[T>G]C,0
A[T>G]G,0
A[T>G]T,0.0027696446941520925
C[T>G]A,0.003402706338529714
C[T>G]C,0.0061723510326818064
C[T>G]G,0.003244440927435308
C[T>G]T,0.0006330616443776212
G[T>G]A,0.0017409195220384583
G[T>G]C,0.004668829627284956
G[T>G]G,0.001107857877660837
G[T>G]T,0.004352298805096146
T[T>G]A,0.002057450344227269
T[T>G]C,0
T[T>G]G,0.0009495924665664317
T[T>G]T,0.004431431510643348