Mut;Actinopteri;Amphibia;Aves;Lepidosauria;Mammalia
A[A>C]A;6.568361952952888e-05;0.0;0.0;2.2596752972573448e-05;0.0
A[A>C]C;0.001479222722106221;0.00027283732041053025;0.0;0.001168695186797739;0.0007825867977228754
A[A>C]G;0.0005001008258272323;0.000505863044373496;5.121710227039077e-05;0.0003567513026196424;6.365176624533197e-05
A[A>C]T;0.0;0.0;0.0;0.0;0.0
A[A>G]A;0.006480323637920892;0.007507805548576832;0.01667232222972411;0.008652804608358591;0.011381230876346547
A[A>G]C;0.013386798773448148;0.014436248961909563;0.01596117586127146;0.01693456820296671;0.017189750572631092
A[A>G]G;0.009214514620899046;0.006569608231177324;0.020613694807328855;0.010115611295016206;0.014680343448828851
A[A>G]T;0.011668668174961781;0.013471696854472791;0.028193357121274975;0.013307023382592575;0.018902015482125657
A[A>T]A;0.001255876948076789;0.000352169311188025;0.0;0.0011935147738204852;0.0012551255056857434
A[A>T]C;0.0007074585271499163;0.0;0.0;0.0006711608980929119;0.0017310188207901038
A[A>T]G;0.0004125917648162805;0.0007527380754946908;4.365742054050846e-05;0.0006341584311541712;0.0009916800271217471
A[A>T]T;0.0;0.0;0.0;0.0;0.0
A[C>A]A;0.00013085280409325125;0.0;0.0;1.6670414434403954e-05;0.00034390745384372894
A[C>A]C;0.0009176260516400895;0.0002263772432262605;0.0;0.002381373950310553;0.001049096720983025
A[C>A]G;0.000503750416619013;0.0;0.0;0.00015404164794803447;0.00027931047673676867
A[C>A]T;0.0;0.0;0.0;0.0;0.0
A[C>G]A;0.0023119275648052404;0.0028623394184474106;0.0005076515939175377;0.001140679971884471;0.001318983454014082
A[C>G]C;0.002405069523591655;0.0007441556111008645;0.0036880939533398736;0.0017578634969919785;0.003033697308721905
A[C>G]G;0.004114229463811633;0.0005811834440449382;0.001273426646577116;0.0037136818685008944;0.0011103931018877282
A[C>G]T;0.0;0.0;0.0;0.0;0.0
A[C>T]A;0.02849116106269804;0.038063310873243966;0.0321762832922974;0.03179890636293643;0.029455161580195836
A[C>T]C;0.03718454872016608;0.0239351389864006;0.022744029920852782;0.05051634829420955;0.04251633158334091
A[C>T]G;0.02837242423269282;0.03135391313144966;0.02157932855759134;0.02676681157461496;0.022406669452363557
A[C>T]T;0.03048064133313359;0.034622661593869786;0.01970650336742306;0.039741002200676494;0.02556696242611478
A[G>A]A;0.0063398532838397584;0.008299740859505076;0.003670431188414359;0.004903280813756473;0.00655738762833648
A[G>A]C;0.004125017875880079;0.006372610017512215;0.005848637312248096;0.005461547057042401;0.006291151099305459
A[G>A]G;0.00365832313087908;0.0057408509573342315;0.0047925018677479805;0.00440355565248172;0.005299891764229995
A[G>A]T;0.0053429311382656745;0.00874149825713254;0.0046786732118346535;0.005784838065380282;0.008196869309502296
A[G>C]A;0.000632074917042292;0.0003203750913236355;7.279972906314154e-05;0.0001809619506468593;0.0006351364757887344
A[G>C]C;0.0022658264844173915;0.00023713043085767894;0.00048377743428545386;0.0012023686670302165;0.0008936834895234186
A[G>C]G;0.0008203875579736474;5.5843699813717094e-05;2.119372854804846e-05;7.350546720825424e-05;0.00022615186903404084
A[G>C]T;0.0;0.0;0.0;0.0;0.0
A[G>T]A;0.0035290249958266173;0.004028030475069927;0.0034239283586788957;0.005375569627652396;0.0047130349679670065
A[G>T]C;0.0018146806833354218;0.0020517338399509014;0.0009533584130103708;0.0032961614477377854;0.0011399125602623596
A[G>T]G;0.0011118360444957085;0.0022836572513240893;0.0015500774559751023;0.002380488326007016;0.0014717665666159091
A[G>T]T;0.0;0.0;0.0;0.0;0.0
A[T>A]A;0.0011793250090591256;0.0007401273180631842;0.00014891969853444309;0.0009880493828283096;0.0007350400541746716
A[T>A]C;0.0006928633624423365;0.0005130776447990342;0.0002878374458113977;0.00037800564713926443;0.0003207351210780101
A[T>A]G;0.0003958987218075394;0.0013821783437273198;0.0003912234799541608;0.0006777810164600237;0.0005463612834491446
A[T>A]T;0.0;0.0;0.0;0.0;0.0
A[T>C]A;0.009330309148660784;0.006180385989741149;0.005945174220473707;0.005181370270360299;0.0045425672642568785
A[T>C]C;0.014493789032380536;0.012773454823309913;0.009586808704143246;0.011709298829490572;0.011267925446338553
A[T>C]G;0.006377992754073164;0.00458871614841425;0.004061988556409762;0.00299656417156799;0.002842548235928165
A[T>C]T;0.012350314438558772;0.011584309069290465;0.007269690843143976;0.018001155645967687;0.008418289197616216
A[T>G]A;0.0007768378753453926;0.001005075766064225;0.0006204400597647516;0.0008763006926968214;0.0004546165714129159
A[T>G]C;0.0023499268214261164;0.0006252307718899738;0.0006630120972340084;0.0006319678412626775;0.0004724000362074795
A[T>G]G;0.0011926427503735524;0.0012422127847655975;0.0014818170698418385;0.0014389136155637345;0.0006398014013080511
A[T>G]T;0.0;0.0;0.0;0.0;0.0
C[A>C]A;0.0008651285306975465;0.0014413070129858986;4.787581056701153e-05;0.0010988192447632977;0.001614662438639733
C[A>C]C;0.002438518108018728;0.0042287916570043485;0.0;0.002599689185326607;0.0017562843853122872
C[A>C]G;0.000998378618297686;0.0016831377158533474;8.779843325261461e-05;0.001344560793529205;0.00046356481949039836
C[A>C]T;0.0;0.0;0.0;0.0;0.0
C[A>G]A;0.006486752585573159;0.00727154717918927;0.01989398995177159;0.006970568711877177;0.01044941839645944
C[A>G]C;0.00874908105965237;0.015575227918391043;0.026965714253689963;0.022676257581988945;0.013735002722721816
C[A>G]G;0.007688917690121293;0.005694039679342017;0.021703027036868314;0.009564406805780846;0.013246582509248568
C[A>G]T;0.008569677361064247;0.00577749660464843;0.017155252983187583;0.008767065865341183;0.01315024295758993
C[A>T]A;0.0007156336131641329;0.0003787106643648342;0.00013640598728424154;0.0009573344253203661;0.0013628304005551851
C[A>T]C;0.0006113814836287945;0.0016053197022280225;0.0004939273242950161;0.0012892143170878522;0.0010946299246679398
C[A>T]G;0.00042933358756267706;0.0004902442804803038;0.0;0.0008578283970989831;0.000670208623891832
C[A>T]T;0.0;0.0;0.0;0.0;0.0
C[C>A]A;0.001839327873375132;0.0009363395382729435;0.0009023908082112353;0.006179447392713888;0.0014180916178907898
C[C>A]C;0.0010545916226908146;0.004173239146586565;0.00025617067677421844;0.0011370145553846029;0.0014658336948119364
C[C>A]G;0.0005225268004503326;0.0014041625738659739;0.0;0.002559548095258308;0.001544884691779045
C[C>A]T;0.0;0.0;0.0;0.0;0.0
C[C>G]A;0.001671048962175584;0.0032287844696215935;0.00045589300480771154;0.0007480406310010876;0.00044858546516629187
C[C>G]C;0.0015827420972927791;0.0008161046267958473;0.0021835307861130847;0.002357581531734072;0.0008966388237762858
C[C>G]G;0.0026274396799432055;0.0003844563099090526;0.0;0.0013776466912653169;0.0007306875211384449
C[C>G]T;0.0;0.0;0.0;0.0;0.0
C[C>T]A;0.02338900278407012;0.01897795516719472;0.01896145605355703;0.03288627358942113;0.027751312050092396
C[C>T]C;0.041590783462606515;0.03188488181894953;0.04320000563939453;0.04393135454004533;0.04535854570557243
C[C>T]G;0.03184796045206356;0.0314445737921961;0.02871936361057649;0.0286862773758529;0.025677206603598565
C[C>T]T;0.013430170283239496;0.007669388804831002;0.0056060932443809264;0.024329457075044313;0.0074050916849726705
C[G>A]A;0.009770615586021091;0.015689093046428584;0.009073289959425477;0.008917366280538266;0.010841437119270358
C[G>A]C;0.006632161575717324;0.015265579685723098;0.018957778595406174;0.011679666943320111;0.010786446979081297
C[G>A]G;0.00496822032859782;0.007013072172370035;0.008701430551033822;0.006402726094388893;0.009214958415802102
C[G>A]T;0.005317049709281343;0.011628180675514913;0.008555690910000496;0.00878692361614574;0.008692491716962077
C[G>C]A;0.000800122597103261;0.0;0.00088728683018077;0.0011877920139450413;0.0002215077163496656
C[G>C]C;0.0014784286651915017;0.000303344075575125;0.0008529625277431916;0.0007686826222328622;0.0010580470584233533
C[G>C]G;0.0008945730350886361;6.052839572441711e-05;0.0;0.00027502165488495027;0.0005838724661073261
C[G>C]T;0.0;0.0;0.0;0.0;0.0
C[G>T]A;0.0034549832235035534;0.006324837314974216;0.0017388854913279717;0.005291940522802959;0.0035339419687094985
C[G>T]C;0.0017629806859542408;0.0036843343517008707;0.0025663100447275745;0.0038851247080407053;0.0017593832755301991
C[G>T]G;0.0009504583227205262;0.002308649149252145;0.002029437624380574;0.0014462604401082385;0.0029656031202266856
C[G>T]T;0.0;0.0;0.0;0.0;0.0
C[T>A]A;0.0004878431945815233;0.0004921246063490974;0.0002550026850407031;0.000647089890258635;0.00045033575000504625
C[T>A]C;0.00039142119872137327;0.0003347158074927329;0.0008243211835284831;0.0003374445406469531;0.0005834135515853573
C[T>A]G;0.000429865692442769;0.00034580527012931185;0.00015211394048037692;0.0004716126609761203;0.0006123831220359957
C[T>A]T;0.0;0.0;0.0;0.0;0.0
C[T>C]A;0.009918818098820593;0.007477122185743286;0.004282408849389212;0.004763029100776849;0.0037269198608677855
C[T>C]C;0.015176504811013044;0.015426449647787995;0.007403328566073176;0.014113934827662022;0.008275229387818488
C[T>C]G;0.006344642405428607;0.004011913727814026;0.00305022214484552;0.0024455176534230534;0.0026690858741344474
C[T>C]T;0.006780317324143228;0.0027129887324580854;0.002443823343234084;0.004170363177684265;0.004211179947485954
C[T>G]A;0.0006220559293627732;0.0008622494187387526;0.0004255659214000331;0.00028266285379661976;0.0002439478150387681
C[T>G]C;0.0005703696033438992;0.0002577555700438868;0.0001545158407060985;0.0009917589409325198;0.00036274563705622086
C[T>G]G;0.001010619235416597;0.0007344804050822039;0.00037362918432934074;0.0005925316148926592;0.0005240441007086365
C[T>G]T;0.0;0.0;0.0;0.0;0.0
G[A>C]A;0.000387265250436622;0.00010175560911729342;0.0;0.0008012633201542667;0.00013955313540847596
G[A>C]C;0.0007286592706855665;0.0;0.0010109023058128017;0.0008013415316873357;0.000723598796679006
G[A>C]G;0.001101514917357165;0.0004137202955378119;0.00033908683981316926;6.604454515097005e-05;0.00037150667894966257
G[A>C]T;0.0;0.0;0.0;0.0;0.0
G[A>G]A;0.009534157878061571;0.00927822818954137;0.022012603921274115;0.010738532626290261;0.015228677579614346
G[A>G]C;0.011477830931613498;0.010945079172079607;0.027475885053135078;0.01640265140463757;0.022513017520654103
G[A>G]G;0.014707668144483647;0.01515460748288032;0.027159438102382475;0.018274727334166768;0.019181572184956044
G[A>G]T;0.019946966964379396;0.014796714670643547;0.030240053578745523;0.023548966639246847;0.025789412326269412
G[A>T]A;0.0003924532711341889;0.0007929610624819448;0.0009789884027945732;0.0004487317633131899;0.0012496381576649256
G[A>T]C;0.0010053728005002336;0.0006291674116919343;0.004502748339893127;0.0024867165114156793;0.0016299772663624927
G[A>T]G;0.0013536540001969992;0.0009563318499660606;0.0007080235171848646;0.0011252933707732507;0.0009469779090901888
G[A>T]T;0.0;0.0;0.0;0.0;0.0
G[C>A]A;0.000903410423182386;0.0006158038393251803;0.00013019521171126383;0.0011526121504416406;0.0005490351534889482
G[C>A]C;3.428992987692772e-05;0.0;0.0;0.0001724955079763435;0.0006985036617636364
G[C>A]G;0.0013936583674010914;0.001275307150156492;0.00162398627056727;0.0014389186190244352;0.0016008374755756452
G[C>A]T;0.0;0.0;0.0;0.0;0.0
G[C>G]A;0.002258855153157506;0.0007306969318977605;0.004315968219016111;0.0022570727660523966;0.003250926274602561
G[C>G]C;0.004992415562150701;0.0;0.0003852818547493254;0.00025451017688918527;0.0006422692006301094
G[C>G]G;0.003964309406594932;0.0052366012913101015;0.001507748844459987;0.0016323476257314937;0.0010637560706616683
G[C>G]T;0.0;0.0;0.0;0.0;0.0
G[C>T]A;0.025290467614606158;0.024646107513426392;0.02439308862084494;0.030830504880062105;0.02764672668613524
G[C>T]C;0.03866030339528611;0.03791541828626347;0.027866424355276878;0.021372664647417085;0.02891303842976896
G[C>T]G;0.03791140804295199;0.025281717872923985;0.020430257305533977;0.02468614970913792;0.018919382100140162
G[C>T]T;0.014929306863914903;0.019947853070780775;0.03313976709241666;0.02412119997456265;0.020816011698839995
G[G>A]A;0.006548598935825513;0.01150471945837048;0.006776763981526559;0.006294626026878327;0.009129688432290175
G[G>A]C;0.003929739199566148;0.008155613228209341;0.006457543438744106;0.005010120239288943;0.00783263327183381
G[G>A]G;0.004226789942127705;0.0062630983937470176;0.0065510567758950145;0.005690508267686242;0.008150383919403245
G[G>A]T;0.006845087854426556;0.009554241701662363;0.007170419723334221;0.00725200262348432;0.01249244873718272
G[G>C]A;0.00048202503704937726;0.00038586157969359216;0.0006280930174226309;3.709508046289661e-05;0.00022212502910245929
G[G>C]C;0.0015998128105352023;0.001998775342132025;0.0006179398884306361;0.0010506275212670787;0.0008856791937967921
G[G>C]G;0.0004774736748957853;0.00010798152604404869;0.00015994766295657;0.00023705322345619437;0.0001423513756543402
G[G>C]T;0.0;0.0;0.0;0.0;0.0
G[G>T]A;0.0021917874247659153;0.003774259794874195;0.002366398535276715;0.002827085199016977;0.0026033377754247113
G[G>T]C;0.0011085192702217175;0.0011121709344657788;0.00046178221515811847;0.0029129008796313313;0.0016341191292923514
G[G>T]G;0.0008775326432305558;0.002396670509977357;0.001042238840236984;0.0013513522799097402;0.0007294752600898223
G[G>T]T;0.0;0.0;0.0;0.0;0.0
G[T>A]A;0.002100721411638637;0.004493802935775894;0.000958400488070593;0.0011768720899790306;0.0023759782041906687
G[T>A]C;0.0005539823742021374;0.0005189668768474593;0.0004982191363670185;0.0001121233120665644;0.0012979416879146206
G[T>A]G;0.0010786399911219733;0.002436533165037733;0.0006862377817782361;0.0010776260779995152;0.0009452221204182457
G[T>A]T;0.0;0.0;0.0;0.0;0.0
G[T>C]A;0.010544692717218886;0.005180830256378745;0.008303371736247001;0.0050623907905692446;0.005177096959399453
G[T>C]C;0.012594770490609197;0.009860176340219559;0.00663787993028938;0.010014194483247776;0.00952862887995918
G[T>C]G;0.010111976596110727;0.005152040653457714;0.005382456918062597;0.005130921521478411;0.004194341092505936
G[T>C]T;0.009843240413770622;0.004854791844942367;0.006301958323946257;0.004624181483432825;0.005812730714820403
G[T>G]A;0.0010805417922588893;0.0005928836604808921;0.0006332339876874123;0.0007654383405402639;0.0006153097912453058
G[T>G]C;0.0011382934189437693;0.0004700934606104816;0.00184384801897068;0.00016852698142958813;0.0006081640485163219
G[T>G]G;0.002073505324635737;0.0014416136110757803;0.0011827586683706853;0.0017127148333227853;0.0008937209898992871
G[T>G]T;0.0;0.0;0.0;0.0;0.0
T[A>C]A;0.0003536889563093522;0.0;0.0011126216742258384;0.00015719389160219718;0.00018539207125563693
T[A>C]C;0.0022368137702747292;0.000531435655630304;0.00027922676236881693;0.001139494576430621;0.000535567378093428
T[A>C]G;0.00043663321951624136;0.00020457447756967894;0.00011343407015576462;0.00036069376366871744;0.0002770443825632008
T[A>C]T;0.0;0.0;0.0;0.0;0.0
T[A>G]A;0.008898381963855987;0.010667774851455017;0.01791834950399417;0.008467909245033822;0.013621779672103389
T[A>G]C;0.01240740710234745;0.012224740567211257;0.00817753181519893;0.013455937460592806;0.01701580485779833
T[A>G]G;0.010924828876282126;0.011136356945272954;0.01828983408037267;0.010828774232250682;0.016033409358599347
T[A>G]T;0.01294689560638749;0.012071437013012604;0.02520024865731749;0.013116855402159766;0.017547997886241843
T[A>T]A;0.0023136282599576902;0.0021702176282153898;0.0012050336705331831;0.0021481387592871895;0.0020813073299702743
T[A>T]C;0.0015006107262080938;0.0007880279820931513;0.0007542592154666962;0.00021359226659501017;0.0013385814074856604
T[A>T]G;0.0005641625884969811;0.0005939844546396026;0.0018258580084167563;0.0005428868828597193;0.000843319463545352
T[A>T]T;0.0;0.0;0.0;0.0;0.0
T[C>A]A;0.0014672926709262386;0.0017892820768836393;6.922133225102307e-05;0.00039748890401387286;0.0017663261166064282
T[C>A]C;0.001208147017994918;0.0005765217422353316;0.00024728374546334307;0.0006412897320445355;0.0011749965373249263
T[C>A]G;0.002419154049904904;0.0020142976261227448;0.001147171120921606;0.004437730630834395;0.0013138950853814717
T[C>A]T;0.0;0.0;0.0;0.0;0.0
T[C>G]A;0.0021499961335381015;0.00014128866258949737;0.0014595686988000131;0.0010036768261546922;0.0015614795731538303
T[C>G]C;0.0026946944551380185;0.0;0.0;0.0002655636986533017;0.0013505965789301418
T[C>G]G;0.004058680314463065;0.0;0.005515926524627458;0.0;0.001062038185370681
T[C>G]T;0.0;0.0;0.0;0.0;0.0
T[C>T]A;0.02444376497044613;0.030569822690005546;0.026545998116774213;0.02106001963412727;0.014555883913464832
T[C>T]C;0.02284872527598911;0.03556421854590284;0.020466433667314366;0.01432124561824727;0.030607666430579075
T[C>T]G;0.025358453304207433;0.02215338136390835;0.01808725956242501;0.02829138556873435;0.02009150209637979
T[C>T]T;0.020366541444264145;0.02353693075080344;0.015415454031259601;0.015620004694293615;0.019739410677874384
T[G>A]A;0.011403131644284465;0.017678107586568615;0.005688642176614502;0.008856302730598321;0.01201408516827766
T[G>A]C;0.007049129961654904;0.007525006760756459;0.005168395330188719;0.007324432434912797;0.00902660035823515
T[G>A]G;0.008185425917556482;0.014258603158189016;0.009077192123781205;0.007653877950964216;0.010989058834693442
T[G>A]T;0.008878700117331011;0.01565825561844288;0.006588019459951007;0.008389846712451663;0.011903202139304236
T[G>C]A;0.0008916875745704147;0.0;0.00010858668334298768;0.0002633382327468672;0.0003023299427789345
T[G>C]C;0.00037300144544918066;0.00014229320641040395;0.0;0.00021259542847797965;0.0006102528621048045
T[G>C]G;0.0004411087130649006;8.080369321874737e-05;0.000306189840212;0.0005678368421606751;0.000258419743617368
T[G>C]T;0.0;0.0;0.0;0.0;0.0
T[G>T]A;0.0016279744143185436;0.005618735301735273;0.001191276189482754;0.001997036805062926;0.0020809914075785676
T[G>T]C;0.0022060176243179517;0.0;0.00041377985802038073;0.0015358031036473215;0.0009364566732742373
T[G>T]G;0.000935080319512575;0.0019361294200249354;0.0008300448683992054;0.0011531578886351656;0.0010871991172342252
T[G>T]T;0.0;0.0;0.0;0.0;0.0
T[T>A]A;0.0017918012395125686;0.0018913278205443236;0.0004341220342763992;0.0014593629934364742;0.0016186846012701886
T[T>A]C;0.0015854807765303212;0.0007667013358860619;0.00010903070869037847;0.0006863654859501752;0.0006865402650942258
T[T>A]G;0.0012663264669682634;0.0020843378269868656;0.0010351328157658269;0.000885580172261818;0.001078126158923446
T[T>A]T;0.0;0.0;0.0;0.0;0.0
T[T>C]A;0.007485068114993743;0.006533706033820069;0.003283839986522733;0.002348117861259691;0.00413219287371979
T[T>C]C;0.006916978779037448;0.00402268850035005;0.0036791502895226415;0.004336068244753208;0.005006472766225868
T[T>C]G;0.006708062265712645;0.005282319515257056;0.0025898798074418944;0.002256886505465849;0.0024334455191087757
T[T>C]T;0.006857802027317287;0.004140814021404343;0.003578352306166011;0.0023663291489597507;0.0033992810985805045
T[T>G]A;0.0004582653293207157;0.0003548302541033263;0.00036407481517168844;0.0003932650984216413;0.0003745535185651147
T[T>G]C;0.0003968360321013044;0.0;0.0;0.00023265554956714972;0.00039402190789390506
T[T>G]G;0.0008281463265966656;0.0012946298478320197;0.0001826469966663654;0.0007283668949281853;0.0005378240019891818
T[T>G]T;0.0;0.0;0.0;0.0;0.0
