Substitution,"Actinopteri__Ts & Tv"
A[C>A]A,0
A[C>A]C,1
A[C>A]G,0
A[C>A]T,0
C[C>A]A,3
C[C>A]C,2
C[C>A]G,0
C[C>A]T,1
G[C>A]A,3
G[C>A]C,1
G[C>A]G,0
G[C>A]T,2
T[C>A]A,4
T[C>A]C,3
T[C>A]G,1
T[C>A]T,5
A[C>G]A,3
A[C>G]C,2
A[C>G]G,1
A[C>G]T,0
C[C>G]A,2
C[C>G]C,2
C[C>G]G,1
C[C>G]T,1
G[C>G]A,2
G[C>G]C,5
G[C>G]G,1
G[C>G]T,2
T[C>G]A,4
T[C>G]C,3
T[C>G]G,1
T[C>G]T,1
A[C>T]A,49
A[C>T]C,45
A[C>T]G,8
A[C>T]T,53
C[C>T]A,35
C[C>T]C,65
C[C>T]G,9
C[C>T]T,22
G[C>T]A,34
G[C>T]C,51
G[C>T]G,9
G[C>T]T,20
T[C>T]A,33
T[C>T]C,32
T[C>T]G,4
T[C>T]T,39
A[T>A]A,1
A[T>A]C,1
A[T>A]G,0
A[T>A]T,0
C[T>A]A,1
C[T>A]C,2
C[T>A]G,1
C[T>A]T,1
G[T>A]A,3
G[T>A]C,1
G[T>A]G,2
G[T>A]T,1
T[T>A]A,5
T[T>A]C,2
T[T>A]G,2
T[T>A]T,2
A[T>C]A,8
A[T>C]C,9
A[T>C]G,5
A[T>C]T,0
C[T>C]A,2
C[T>C]C,0
C[T>C]G,4
C[T>C]T,6
G[T>C]A,3
G[T>C]C,0
G[T>C]G,0
G[T>C]T,6
T[T>C]A,3
T[T>C]C,7
T[T>C]G,0
T[T>C]T,0
A[T>G]A,1
A[T>G]C,2
A[T>G]G,1
A[T>G]T,0
C[T>G]A,1
C[T>G]C,2
C[T>G]G,3
C[T>G]T,1
G[T>G]A,2
G[T>G]C,1
G[T>G]G,4
G[T>G]T,1
T[T>G]A,1
T[T>G]C,1
T[T>G]G,2
T[T>G]T,0
