Substitution,"Mammalia__Ts only"
A[C>A]A,0
A[C>A]C,0
A[C>A]G,0
A[C>A]T,0
C[C>A]A,0
C[C>A]C,0
C[C>A]G,0
C[C>A]T,0
G[C>A]A,0
G[C>A]C,0
G[C>A]G,0
G[C>A]T,0
T[C>A]A,0
T[C>A]C,0
T[C>A]G,0
T[C>A]T,0
A[C>G]A,0
A[C>G]C,0
A[C>G]G,0
A[C>G]T,0
C[C>G]A,0
C[C>G]C,0
C[C>G]G,0
C[C>G]T,0
G[C>G]A,0
G[C>G]C,0
G[C>G]G,0
G[C>G]T,0
T[C>G]A,0
T[C>G]C,0
T[C>G]G,0
T[C>G]T,0
A[C>T]A,73
A[C>T]C,63
A[C>T]G,7
A[C>T]T,54
C[C>T]A,64
C[C>T]C,79
C[C>T]G,9
C[C>T]T,17
G[C>T]A,51
G[C>T]C,42
G[C>T]G,5
G[C>T]T,38
T[C>T]A,36
T[C>T]C,61
T[C>T]G,5
T[C>T]T,55
A[T>A]A,0
A[T>A]C,0
A[T>A]G,0
A[T>A]T,0
C[T>A]A,0
C[T>A]C,0
C[T>A]G,0
C[T>A]T,0
G[T>A]A,0
G[T>A]C,0
G[T>A]G,0
G[T>A]T,0
T[T>A]A,0
T[T>A]C,0
T[T>A]G,0
T[T>A]T,0
A[T>C]A,40
A[T>C]C,44
A[T>C]G,31
A[T>C]T,53
C[T>C]A,28
C[T>C]C,39
C[T>C]G,35
C[T>C]T,38
G[T>C]A,25
G[T>C]C,29
G[T>C]G,25
G[T>C]T,32
T[T>C]A,33
T[T>C]C,38
T[T>C]G,24
T[T>C]T,40
A[T>G]A,0
A[T>G]C,0
A[T>G]G,0
A[T>G]T,0
C[T>G]A,0
C[T>G]C,0
C[T>G]G,0
C[T>G]T,0
G[T>G]A,0
G[T>G]C,0
G[T>G]G,0
G[T>G]T,0
T[T>G]A,0
T[T>G]C,0
T[T>G]G,0
T[T>G]T,0
