Mutation type,Trinucleotide,diff_Actinopteri__Ts...Tv
C>A,ACA,0
C>A,ACC,1
C>A,ACG,0
C>A,ACT,0
C>A,CCA,3
C>A,CCC,2
C>A,CCG,0
C>A,CCT,1
C>A,GCA,3
C>A,GCC,1
C>A,GCG,0
C>A,GCT,2
C>A,TCA,4
C>A,TCC,3
C>A,TCG,1
C>A,TCT,5
C>G,ACA,3
C>G,ACC,2
C>G,ACG,1
C>G,ACT,0
C>G,CCA,2
C>G,CCC,2
C>G,CCG,1
C>G,CCT,1
C>G,GCA,2
C>G,GCC,5
C>G,GCG,1
C>G,GCT,2
C>G,TCA,4
C>G,TCC,3
C>G,TCG,1
C>G,TCT,1
C>T,ACA,49
C>T,ACC,45
C>T,ACG,8
C>T,ACT,53
C>T,CCA,35
C>T,CCC,65
C>T,CCG,9
C>T,CCT,22
C>T,GCA,34
C>T,GCC,51
C>T,GCG,9
C>T,GCT,20
C>T,TCA,33
C>T,TCC,32
C>T,TCG,4
C>T,TCT,39
T>A,ATA,1
T>A,ATC,1
T>A,ATG,0
T>A,ATT,0
T>A,CTA,1
T>A,CTC,2
T>A,CTG,1
T>A,CTT,1
T>A,GTA,3
T>A,GTC,1
T>A,GTG,2
T>A,GTT,1
T>A,TTA,5
T>A,TTC,2
T>A,TTG,2
T>A,TTT,2
T>C,ATA,8
T>C,ATC,9
T>C,ATG,5
T>C,ATT,0
T>C,CTA,2
T>C,CTC,0
T>C,CTG,4
T>C,CTT,6
T>C,GTA,3
T>C,GTC,0
T>C,GTG,0
T>C,GTT,6
T>C,TTA,3
T>C,TTC,7
T>C,TTG,0
T>C,TTT,0
T>G,ATA,1
T>G,ATC,2
T>G,ATG,1
T>G,ATT,0
T>G,CTA,1
T>G,CTC,2
T>G,CTG,3
T>G,CTT,1
T>G,GTA,2
T>G,GTC,1
T>G,GTG,4
T>G,GTT,1
T>G,TTA,1
T>G,TTC,1
T>G,TTG,2
T>G,TTT,0
