Substitution,"Actinopteri__Ts only"
A[C>A]A,0
A[C>A]C,0
A[C>A]G,0
A[C>A]T,0
C[C>A]A,0
C[C>A]C,0
C[C>A]G,0
C[C>A]T,0
G[C>A]A,0
G[C>A]C,0
G[C>A]G,0
G[C>A]T,0
T[C>A]A,0
T[C>A]C,0
T[C>A]G,0
T[C>A]T,0
A[C>G]A,0
A[C>G]C,0
A[C>G]G,0
A[C>G]T,0
C[C>G]A,0
C[C>G]C,0
C[C>G]G,0
C[C>G]T,0
G[C>G]A,0
G[C>G]C,0
G[C>G]G,0
G[C>G]T,0
T[C>G]A,0
T[C>G]C,0
T[C>G]G,0
T[C>G]T,0
A[C>T]A,49
A[C>T]C,45
A[C>T]G,8
A[C>T]T,53
C[C>T]A,35
C[C>T]C,65
C[C>T]G,9
C[C>T]T,22
G[C>T]A,34
G[C>T]C,51
G[C>T]G,9
G[C>T]T,20
T[C>T]A,33
T[C>T]C,32
T[C>T]G,4
T[C>T]T,39
A[T>A]A,0
A[T>A]C,0
A[T>A]G,0
A[T>A]T,0
C[T>A]A,0
C[T>A]C,0
C[T>A]G,0
C[T>A]T,0
G[T>A]A,0
G[T>A]C,0
G[T>A]G,0
G[T>A]T,0
T[T>A]A,0
T[T>A]C,0
T[T>A]G,0
T[T>A]T,0
A[T>C]A,8
A[T>C]C,9
A[T>C]G,5
A[T>C]T,0
C[T>C]A,2
C[T>C]C,0
C[T>C]G,4
C[T>C]T,6
G[T>C]A,3
G[T>C]C,0
G[T>C]G,0
G[T>C]T,6
T[T>C]A,3
T[T>C]C,7
T[T>C]G,0
T[T>C]T,0
A[T>G]A,0
A[T>G]C,0
A[T>G]G,0
A[T>G]T,0
C[T>G]A,0
C[T>G]C,0
C[T>G]G,0
C[T>G]T,0
G[T>G]A,0
G[T>G]C,0
G[T>G]G,0
G[T>G]T,0
T[T>G]A,0
T[T>G]C,0
T[T>G]G,0
T[T>G]T,0
