Mutation type,Trinucleotide,high_Aves__Ts...Tv
C>A,ACA,0
C>A,ACC,0
C>A,ACG,0
C>A,ACT,0
C>A,CCA,2
C>A,CCC,1
C>A,CCG,0
C>A,CCT,2
C>A,GCA,1
C>A,GCC,0
C>A,GCG,1
C>A,GCT,1
C>A,TCA,2
C>A,TCC,3
C>A,TCG,0
C>A,TCT,5
C>G,ACA,1
C>G,ACC,3
C>G,ACG,0
C>G,ACT,0
C>G,CCA,1
C>G,CCC,2
C>G,CCG,0
C>G,CCT,0
C>G,GCA,4
C>G,GCC,1
C>G,GCG,0
C>G,GCT,0
C>G,TCA,2
C>G,TCC,1
C>G,TCG,1
C>G,TCT,0
C>T,ACA,80
C>T,ACC,34
C>T,ACG,7
C>T,ACT,42
C>T,CCA,44
C>T,CCC,75
C>T,CCG,10
C>T,CCT,13
C>T,GCA,45
C>T,GCC,41
C>T,GCG,6
C>T,GCT,60
C>T,TCA,67
C>T,TCC,41
C>T,TCG,5
C>T,TCT,43
T>A,ATA,0
T>A,ATC,0
T>A,ATG,0
T>A,ATT,0
T>A,CTA,2
T>A,CTC,2
T>A,CTG,0
T>A,CTT,0
T>A,GTA,1
T>A,GTC,3
T>A,GTG,1
T>A,GTT,0
T>A,TTA,2
T>A,TTC,1
T>A,TTG,1
T>A,TTT,0
T>C,ATA,58
T>C,ATC,52
T>C,ATG,41
T>C,ATT,79
T>C,CTA,31
T>C,CTC,56
T>C,CTG,57
T>C,CTT,54
T>C,GTA,12
T>C,GTC,36
T>C,GTG,50
T>C,GTT,29
T>C,TTA,43
T>C,TTC,55
T>C,TTG,47
T>C,TTT,58
T>G,ATA,1
T>G,ATC,1
T>G,ATG,2
T>G,ATT,0
T>G,CTA,0
T>G,CTC,1
T>G,CTG,1
T>G,CTT,0
T>G,GTA,1
T>G,GTC,2
T>G,GTG,1
T>G,GTT,0
T>G,TTA,2
T>G,TTC,0
T>G,TTG,0
T>G,TTT,0
